order_id,date,region,product,category,quantity,sales,profit
1,2021-01-01,East,T-Shirt,Clothing,2,9972,2860.04
2,2021-01-02,West,T-Shirt,Electronics,9,39762,10070.53
3,2021-01-03,North,Laptop,Clothing,1,1567,362.9
4,2021-01-04,East,Mobile,Clothing,6,3156,835.64
5,2021-01-05,East,Table,Clothing,6,6282,1441.74
6,2021-01-06,West,Chair,Clothing,5,15840,4653.62
7,2021-01-07,North,Headphones,Electronics,5,5330,1294.08
8,2021-01-08,North,Chair,Furniture,1,1203,342.77
9,2021-01-09,East,Mobile,Electronics,5,23900,4861.89
10,2021-01-10,South,T-Shirt,Electronics,2,7280,898.45
11,2021-01-11,East,Chair,Electronics,7,14630,3008.45
12,2021-01-12,East,Laptop,Furniture,3,3915,490.84
13,2021-01-13,East,Mobile,Clothing,4,17164,3750.31
14,2021-01-14,East,T-Shirt,Clothing,3,5571,1094.69
15,2021-01-15,West,Headphones,Clothing,3,11175,2508.96
16,2021-01-16,North,T-Shirt,Furniture,4,16472,1680.3
17,2021-01-17,West,Shoes,Clothing,5,13130,1824.65
18,2021-01-18,West,Laptop,Furniture,1,2960,586.87
19,2021-01-19,West,Mobile,Clothing,4,4180,1212.62
20,2021-01-20,East,Headphones,Clothing,8,25824,4563.66
21,2021-01-21,South,Laptop,Electronics,7,29638,5479.31
22,2021-01-22,North,T-Shirt,Furniture,9,27558,6694.92
23,2021-01-23,South,Laptop,Electronics,5,12895,2846.68
24,2021-01-24,West,Mobile,Electronics,4,12564,2007.54
25,2021-01-25,West,Table,Electronics,8,28912,5266.7
26,2021-01-26,South,Laptop,Furniture,9,21834,3134.05
27,2021-01-27,South,Shoes,Furniture,7,7812,2290.51
28,2021-01-28,South,Laptop,Clothing,7,29008,3658.69
29,2021-01-29,West,T-Shirt,Electronics,5,8515,1484.74
30,2021-01-30,West,T-Shirt,Clothing,4,9036,950.3
31,2021-01-31,North,Headphones,Electronics,1,3065,442.45
32,2021-02-01,North,T-Shirt,Furniture,7,25718,6586.23
33,2021-02-02,West,Chair,Furniture,1,3581,502.18
34,2021-02-03,South,Mobile,Furniture,1,3130,363.12
35,2021-02-04,South,Mobile,Electronics,5,18305,3567.47
36,2021-02-05,North,Table,Furniture,9,43389,4425.41
37,2021-02-06,West,Table,Electronics,6,7014,820.31
38,2021-02-07,North,Mobile,Clothing,3,11004,2877.82
39,2021-02-08,North,Shoes,Electronics,3,7863,1999.52
40,2021-02-09,East,Table,Clothing,7,32046,9069.91
41,2021-02-10,East,Headphones,Electronics,6,27906,7559.82
42,2021-02-11,East,T-Shirt,Clothing,9,10971,2596.12
43,2021-02-12,South,Mobile,Furniture,6,18600,2054.68
44,2021-02-13,West,Table,Clothing,5,20490,5257.11
45,2021-02-14,West,Mobile,Furniture,7,8162,2196.41
46,2021-02-15,West,Chair,Furniture,1,783,203.44
47,2021-02-16,West,Laptop,Clothing,7,30821,6216.47
48,2021-02-17,East,T-Shirt,Electronics,3,12195,1787.55
49,2021-02-18,South,Mobile,Electronics,9,24606,6620.64
50,2021-02-19,South,Laptop,Electronics,6,11790,2893.65
51,2021-02-20,East,Table,Electronics,9,5661,1676.52
52,2021-02-21,South,Laptop,Electronics,5,12800,1678.57
53,2021-02-22,East,T-Shirt,Furniture,7,29204,4238.46
54,2021-02-23,West,Mobile,Electronics,4,11976,1704.9
55,2021-02-24,East,Chair,Furniture,7,10444,2699.86
56,2021-02-25,West,Shoes,Furniture,1,2621,360.08
57,2021-02-26,West,Table,Furniture,7,21588,2446.61
58,2021-02-27,North,Mobile,Clothing,8,37568,11259.59
59,2021-02-28,East,T-Shirt,Clothing,5,13615,1429.08
60,2021-03-01,North,Table,Furniture,2,7376,1969.75
61,2021-03-02,East,Headphones,Clothing,5,18685,3233.88
62,2021-03-03,East,Laptop,Electronics,6,27816,7463.68
63,2021-03-04,North,Shoes,Electronics,2,1686,355.62
64,2021-03-05,North,T-Shirt,Furniture,6,29766,8344.19
65,2021-03-06,East,Headphones,Electronics,6,16656,4750.93
66,2021-03-07,South,Mobile,Furniture,1,3701,376.83
67,2021-03-08,West,Chair,Furniture,1,1388,159.73
68,2021-03-09,North,Table,Electronics,3,7629,1144.9
69,2021-03-10,West,Laptop,Clothing,3,5523,1291.63
70,2021-03-11,South,Table,Electronics,4,16880,4686.81
71,2021-03-12,South,Shoes,Electronics,2,6766,1298.99
72,2021-03-13,South,Mobile,Furniture,9,42408,9388.9
73,2021-03-14,North,Table,Furniture,7,20405,2809.77
74,2021-03-15,South,Laptop,Furniture,7,11319,2954.18
75,2021-03-16,North,Mobile,Furniture,6,28578,8386.66
76,2021-03-17,South,Table,Clothing,3,10503,1614.52
77,2021-03-18,West,Chair,Clothing,6,13428,2671.7
78,2021-03-19,West,T-Shirt,Clothing,8,14912,1748.03
79,2021-03-20,East,Mobile,Furniture,8,25664,5436.34
80,2021-03-21,West,T-Shirt,Furniture,9,12816,2570.33
81,2021-03-22,East,Mobile,Furniture,1,651,83.91
82,2021-03-23,West,Chair,Clothing,1,1085,204.43
83,2021-03-24,North,T-Shirt,Furniture,3,4236,706.65
84,2021-03-25,West,Headphones,Electronics,3,8463,1729.55
85,2021-03-26,East,Laptop,Electronics,8,7960,1728.36
86,2021-03-27,East,Headphones,Furniture,1,4295,436.8
87,2021-03-28,South,Table,Electronics,2,5296,1335.66
88,2021-03-29,North,Chair,Electronics,2,2112,512.38
89,2021-03-30,West,Headphones,Clothing,3,6156,1066.57
90,2021-03-31,South,Mobile,Furniture,6,15720,1738.43
91,2021-04-01,West,Table,Furniture,1,3585,899.79
92,2021-04-02,West,Table,Clothing,2,8008,2330.61
93,2021-04-03,South,Headphones,Electronics,1,656,97.11
94,2021-04-04,South,Headphones,Electronics,5,6170,1016.23
95,2021-04-05,South,Chair,Furniture,7,26432,3614.91
96,2021-04-06,South,Laptop,Electronics,8,5232,1126.91
97,2021-04-07,South,Headphones,Clothing,1,1496,195.93
98,2021-04-08,West,Shoes,Clothing,7,19558,3349.09
99,2021-04-09,South,Headphones,Furniture,5,17025,4075.83
100,2021-04-10,North,T-Shirt,Clothing,1,1677,355.56
101,2021-04-11,East,Mobile,Clothing,3,1959,347.32
102,2021-04-12,South,Shoes,Furniture,7,32809,6038.49
103,2021-04-13,South,Shoes,Clothing,1,2216,470.73
104,2021-04-14,West,T-Shirt,Clothing,7,25914,2621.8
105,2021-04-15,South,T-Shirt,Clothing,5,16785,1942.06
106,2021-04-16,South,Table,Electronics,1,1286,355.26
107,2021-04-17,South,Laptop,Furniture,1,4868,562.62
108,2021-04-18,West,Mobile,Furniture,1,4772,1151.77
109,2021-04-19,South,Chair,Furniture,9,38403,10906.75
110,2021-04-20,East,Shoes,Electronics,3,10134,1562.02
111,2021-04-21,West,Chair,Electronics,5,5710,994.1
112,2021-04-22,East,Headphones,Furniture,9,10485,2241.53
113,2021-04-23,West,Headphones,Electronics,6,23556,6509.51
114,2021-04-24,South,Chair,Furniture,9,38547,11116.23
115,2021-04-25,East,Headphones,Electronics,8,33608,8331.85
116,2021-04-26,West,Laptop,Clothing,8,12552,1472.65
117,2021-04-27,North,T-Shirt,Clothing,1,2849,666.18
118,2021-04-28,South,Headphones,Furniture,9,15408,2805.19
119,2021-04-29,West,Table,Electronics,6,9912,1924.32
120,2021-04-30,North,Headphones,Electronics,9,27099,2976.27
121,2021-05-01,West,Mobile,Clothing,3,1929,266.61
122,2021-05-02,North,Laptop,Clothing,3,8967,2314.41
123,2021-05-03,South,Mobile,Electronics,6,22368,4267.63
124,2021-05-04,East,Mobile,Electronics,9,33345,5346.29
125,2021-05-05,North,Table,Electronics,7,33201,5870.06
126,2021-05-06,West,Laptop,Electronics,3,10926,2959.63
127,2021-05-07,South,Laptop,Electronics,3,11412,2850.72
128,2021-05-08,North,Laptop,Electronics,2,3714,573.68
129,2021-05-09,West,Laptop,Furniture,9,28917,3571.26
130,2021-05-10,West,Laptop,Electronics,3,14055,2113.87
131,2021-05-11,West,Table,Clothing,5,9285,2638.34
132,2021-05-12,North,Headphones,Furniture,9,43146,9333.25
133,2021-05-13,North,Mobile,Electronics,8,29536,6104.97
134,2021-05-14,North,Laptop,Clothing,2,1600,350.85
135,2021-05-15,East,Shoes,Furniture,3,3669,635.49
136,2021-05-16,North,Headphones,Clothing,2,7020,1835.18
137,2021-05-17,North,Headphones,Electronics,8,4536,928.33
138,2021-05-18,North,Mobile,Electronics,6,26016,3209.06
139,2021-05-19,East,Table,Electronics,6,26958,3391.67
140,2021-05-20,North,Chair,Electronics,9,27054,5610.24
141,2021-05-21,West,Chair,Furniture,8,16296,4682.07
142,2021-05-22,North,Headphones,Furniture,4,3588,580.07
143,2021-05-23,West,T-Shirt,Clothing,4,15428,4225.86
144,2021-05-24,West,T-Shirt,Electronics,9,14967,3783.94
145,2021-05-25,West,Mobile,Clothing,1,1055,157.79
146,2021-05-26,East,Chair,Furniture,2,8322,892.69
147,2021-05-27,East,Headphones,Electronics,2,4502,541.9
148,2021-05-28,East,Table,Electronics,6,20646,5072.7
149,2021-05-29,North,Chair,Furniture,4,12628,1767.09
150,2021-05-30,West,Headphones,Furniture,3,9885,1722.5
151,2021-05-31,East,Headphones,Furniture,3,8487,1700.28
152,2021-06-01,East,Laptop,Furniture,3,7377,1808.06
153,2021-06-02,North,Table,Furniture,6,12606,1546.08
154,2021-06-03,East,Laptop,Electronics,8,26344,4775.46
155,2021-06-04,North,Mobile,Furniture,7,13860,2730.62
156,2021-06-05,South,Laptop,Electronics,4,6408,1333.92
157,2021-06-06,East,Shoes,Electronics,4,15104,3982.5
158,2021-06-07,South,Laptop,Furniture,2,3598,483.34
159,2021-06-08,North,Shoes,Furniture,1,4379,1145.4
160,2021-06-09,West,Chair,Electronics,9,18315,4369.51
161,2021-06-10,East,T-Shirt,Furniture,2,1154,243.69
162,2021-06-11,North,Headphones,Furniture,8,26648,6393.0
163,2021-06-12,West,Shoes,Furniture,9,35190,6418.78
164,2021-06-13,West,Table,Clothing,4,12884,1645.02
165,2021-06-14,South,Laptop,Electronics,8,33016,7697.78
166,2021-06-15,North,Shoes,Clothing,9,18288,3747.84
167,2021-06-16,West,Table,Furniture,5,3685,839.72
168,2021-06-17,East,T-Shirt,Clothing,7,17472,2928.3
169,2021-06-18,East,T-Shirt,Furniture,4,15708,4419.81
170,2021-06-19,South,Laptop,Clothing,1,777,168.98
171,2021-06-20,West,Mobile,Furniture,3,10767,1260.61
172,2021-06-21,North,Laptop,Clothing,5,5115,971.65
173,2021-06-22,East,Chair,Clothing,3,14325,3599.46
174,2021-06-23,West,Shoes,Clothing,7,33026,8548.02
175,2021-06-24,West,Headphones,Electronics,9,32598,6484.37
176,2021-06-25,South,Mobile,Clothing,6,13782,3844.48
177,2021-06-26,East,Laptop,Electronics,1,2631,403.95
178,2021-06-27,East,Table,Furniture,7,9205,1676.41
179,2021-06-28,North,Mobile,Clothing,3,9582,2680.27
180,2021-06-29,East,Shoes,Furniture,5,4710,1315.27
181,2021-06-30,North,Mobile,Furniture,4,14560,3452.8
182,2021-07-01,East,Shoes,Clothing,5,3210,872.47
183,2021-07-02,South,Laptop,Electronics,5,23935,2818.46
184,2021-07-03,East,Shoes,Clothing,6,11460,3128.57
185,2021-07-04,North,Mobile,Furniture,6,29838,4897.13
186,2021-07-05,North,Table,Furniture,8,8272,1122.23
187,2021-07-06,South,T-Shirt,Clothing,8,17728,2621.51
188,2021-07-07,East,Mobile,Electronics,9,34776,6384.65
189,2021-07-08,East,Shoes,Electronics,8,12256,1841.32
190,2021-07-09,South,T-Shirt,Furniture,2,7684,1261.05
191,2021-07-10,East,Shoes,Furniture,1,1910,242.56
192,2021-07-11,East,Table,Electronics,2,3344,532.48
193,2021-07-12,North,Shoes,Clothing,2,2776,595.33
194,2021-07-13,East,Laptop,Furniture,3,11514,2168.9
195,2021-07-14,East,Headphones,Electronics,7,14987,2537.95
196,2021-07-15,South,Mobile,Furniture,2,1942,484.12
197,2021-07-16,South,Headphones,Clothing,1,3440,958.73
198,2021-07-17,West,Shoes,Electronics,6,6276,1577.52
199,2021-07-18,North,Table,Furniture,9,36873,6135.67
200,2021-07-19,East,Mobile,Clothing,3,9975,2482.66
201,2021-07-20,East,Shoes,Furniture,6,25338,3303.97
202,2021-07-21,West,T-Shirt,Clothing,3,2589,326.38
203,2021-07-22,East,Chair,Clothing,1,2666,450.89
204,2021-07-23,North,Shoes,Electronics,5,19045,4981.04
205,2021-07-24,West,Headphones,Clothing,4,4180,623.95
206,2021-07-25,North,Mobile,Furniture,7,26180,2949.19
207,2021-07-26,West,Headphones,Clothing,6,14616,1846.61
208,2021-07-27,West,Mobile,Clothing,7,10234,2781.08
209,2021-07-28,South,Shoes,Electronics,5,17525,3973.91
210,2021-07-29,North,Laptop,Clothing,4,17224,2594.63
211,2021-07-30,East,T-Shirt,Clothing,7,9674,2041.79
212,2021-07-31,East,Shoes,Furniture,7,30380,6243.57
213,2021-08-01,North,Headphones,Electronics,6,8220,1899.54
214,2021-08-02,East,Chair,Electronics,8,27880,4088.25
215,2021-08-03,East,Chair,Electronics,4,5460,1489.93
216,2021-08-04,North,Table,Clothing,5,24045,3892.25
217,2021-08-05,West,Mobile,Electronics,4,14812,3537.5
218,2021-08-06,North,Headphones,Clothing,1,3397,350.66
219,2021-08-07,West,Table,Clothing,8,21952,3831.31
220,2021-08-08,East,Headphones,Furniture,1,518,88.24
221,2021-08-09,East,Mobile,Furniture,5,5705,1190.62
222,2021-08-10,East,Shoes,Furniture,6,21498,2462.54
223,2021-08-11,South,Shoes,Furniture,6,4974,1283.42
224,2021-08-12,West,Chair,Furniture,5,6825,979.77
225,2021-08-13,South,Shoes,Clothing,3,3819,899.02
226,2021-08-14,South,Shoes,Clothing,5,24935,6499.12
227,2021-08-15,North,Laptop,Electronics,8,22832,4848.95
228,2021-08-16,South,Chair,Clothing,2,7676,1905.0
229,2021-08-17,North,Table,Clothing,6,24108,5602.03
230,2021-08-18,North,T-Shirt,Furniture,9,30978,5300.52
231,2021-08-19,South,Laptop,Clothing,8,24536,6422.83
232,2021-08-20,West,Table,Furniture,8,17392,2764.29
233,2021-08-21,West,Mobile,Electronics,8,25464,5455.47
234,2021-08-22,West,Laptop,Electronics,7,27160,6765.0
235,2021-08-23,West,Table,Clothing,8,9912,1742.44
236,2021-08-24,West,Mobile,Electronics,6,12270,1969.99
237,2021-08-25,South,Chair,Clothing,2,5518,1058.73
238,2021-08-26,South,T-Shirt,Electronics,2,3270,861.95
239,2021-08-27,East,Mobile,Furniture,8,10984,3141.25
240,2021-08-28,West,Shoes,Furniture,1,2800,585.25
241,2021-08-29,South,Headphones,Furniture,6,7506,1743.59
242,2021-08-30,East,Mobile,Furniture,6,8118,2278.36
243,2021-08-31,West,Mobile,Clothing,4,16928,2026.44
244,2021-09-01,North,T-Shirt,Electronics,3,8349,1222.42
245,2021-09-02,East,Headphones,Clothing,3,5487,1326.65
246,2021-09-03,South,Shoes,Furniture,1,977,258.66
247,2021-09-04,North,Table,Clothing,3,9678,2626.67
248,2021-09-05,North,Table,Electronics,4,14364,2628.92
249,2021-09-06,North,Mobile,Clothing,5,23650,2787.58
250,2021-09-07,East,Headphones,Electronics,3,5307,995.36
251,2021-09-08,South,Headphones,Clothing,6,28086,4104.68
252,2021-09-09,North,Shoes,Electronics,5,15515,2455.08
253,2021-09-10,West,T-Shirt,Electronics,3,5907,1503.06
254,2021-09-11,North,Chair,Furniture,6,5262,605.68
255,2021-09-12,North,Table,Electronics,6,13080,3472.95
256,2021-09-13,East,T-Shirt,Furniture,8,5928,1099.84
257,2021-09-14,East,Laptop,Furniture,2,2838,622.13
258,2021-09-15,South,Table,Furniture,1,569,67.1
259,2021-09-16,West,T-Shirt,Clothing,4,17696,2963.58
260,2021-09-17,East,Table,Clothing,7,18102,2134.95
261,2021-09-18,North,Chair,Clothing,3,7521,2198.45
262,2021-09-19,South,Laptop,Clothing,3,3900,1019.66
263,2021-09-20,North,Chair,Electronics,5,16395,3146.64
264,2021-09-21,North,Shoes,Electronics,5,6275,908.12
265,2021-09-22,East,Laptop,Clothing,3,7485,2145.88
266,2021-09-23,South,Mobile,Electronics,9,16389,2768.42
267,2021-09-24,West,T-Shirt,Electronics,4,11320,1496.47
268,2021-09-25,West,Laptop,Furniture,3,1827,388.48
269,2021-09-26,East,Shoes,Furniture,2,3032,875.5
270,2021-09-27,East,Shoes,Furniture,9,39285,3958.59
271,2021-09-28,South,Chair,Furniture,4,2096,309.42
272,2021-09-29,West,Table,Electronics,3,10014,2880.92
273,2021-09-30,West,Laptop,Clothing,7,8659,1162.19
274,2021-10-01,West,T-Shirt,Electronics,8,5432,666.23
275,2021-10-02,North,Laptop,Electronics,2,1462,312.92
276,2021-10-03,West,Headphones,Electronics,7,16919,4608.21
277,2021-10-04,North,Table,Furniture,5,4210,822.73
278,2021-10-05,South,T-Shirt,Furniture,5,15615,4667.52
279,2021-10-06,North,T-Shirt,Furniture,3,2862,674.96
280,2021-10-07,South,Mobile,Clothing,5,24420,2803.78
281,2021-10-08,West,Chair,Electronics,2,5552,1657.64
282,2021-10-09,West,Mobile,Clothing,4,4380,795.32
283,2021-10-10,South,T-Shirt,Furniture,6,26244,4132.92
284,2021-10-11,East,Table,Clothing,1,4997,1057.24
285,2021-10-12,South,Laptop,Electronics,4,12676,2039.08
286,2021-10-13,East,Laptop,Electronics,6,15810,1854.38
287,2021-10-14,North,Table,Furniture,9,40176,4029.08
288,2021-10-15,North,T-Shirt,Furniture,2,4130,784.36
289,2021-10-16,North,Shoes,Clothing,7,5656,1512.26
290,2021-10-17,West,Laptop,Furniture,6,5052,1083.47
291,2021-10-18,North,Shoes,Furniture,2,1870,560.7
292,2021-10-19,East,Laptop,Electronics,8,5408,851.05
293,2021-10-20,North,Laptop,Furniture,7,4466,697.1
294,2021-10-21,South,Chair,Furniture,5,3465,457.21
295,2021-10-22,South,Chair,Electronics,5,18785,2494.89
296,2021-10-23,West,Headphones,Electronics,7,26145,4105.74
297,2021-10-24,South,Mobile,Clothing,9,12978,3355.7
298,2021-10-25,East,Table,Furniture,9,39411,11080.46
299,2021-10-26,North,Table,Electronics,9,32517,9593.08
300,2021-10-27,West,Table,Clothing,6,20772,3042.22
301,2021-10-28,North,Headphones,Clothing,6,8718,2408.43
302,2021-10-29,North,Chair,Furniture,3,5406,895.51
303,2021-10-30,East,T-Shirt,Furniture,1,3881,475.69
304,2021-10-31,South,Shoes,Clothing,7,23660,6482.96
305,2021-11-01,South,Shoes,Electronics,4,10748,2442.17
306,2021-11-02,North,T-Shirt,Clothing,1,1045,138.93
307,2021-11-03,West,Headphones,Furniture,8,19416,3610.72
308,2021-11-04,South,T-Shirt,Electronics,6,27912,4394.79
309,2021-11-05,West,Table,Electronics,6,3024,748.01
310,2021-11-06,South,Mobile,Clothing,2,7962,1518.22
311,2021-11-07,West,Laptop,Furniture,1,3753,1117.85
312,2021-11-08,East,Shoes,Clothing,2,3724,413.17
313,2021-11-09,West,Chair,Clothing,4,9280,1586.91
314,2021-11-10,East,Chair,Clothing,2,6326,1242.3
315,2021-11-11,East,Headphones,Electronics,1,3438,689.75
316,2021-11-12,West,Chair,Electronics,7,12411,2025.32
317,2021-11-13,East,Table,Furniture,8,30608,7524.92
318,2021-11-14,North,Shoes,Furniture,6,24954,6861.09
319,2021-11-15,East,T-Shirt,Clothing,4,13780,3965.11
320,2021-11-16,South,Table,Clothing,6,21108,5509.58
321,2021-11-17,West,Headphones,Clothing,3,4893,1321.68
322,2021-11-18,North,Table,Furniture,8,25088,5271.22
323,2021-11-19,West,T-Shirt,Electronics,2,7058,1871.62
324,2021-11-20,South,Mobile,Electronics,5,17595,2827.53
325,2021-11-21,South,Headphones,Clothing,1,4877,876.38
326,2021-11-22,South,Mobile,Clothing,6,21954,3586.9
327,2021-11-23,East,Laptop,Clothing,2,1506,291.38
328,2021-11-24,East,Mobile,Clothing,4,3312,520.37
329,2021-11-25,West,Laptop,Furniture,6,18546,5421.41
330,2021-11-26,West,Laptop,Electronics,8,26640,4330.84
331,2021-11-27,North,Mobile,Clothing,8,28352,3391.15
332,2021-11-28,North,Headphones,Furniture,6,11520,2365.79
333,2021-11-29,West,T-Shirt,Clothing,4,15604,1738.59
334,2021-11-30,East,Table,Clothing,8,27136,3313.54
335,2021-12-01,South,Table,Electronics,8,9232,1328.28
336,2021-12-02,West,T-Shirt,Clothing,1,1259,242.82
337,2021-12-03,North,Shoes,Electronics,4,9192,1715.69
338,2021-12-04,East,Shoes,Electronics,4,13884,3608.98
339,2021-12-05,West,Laptop,Electronics,7,27482,6812.65
340,2021-12-06,West,Laptop,Furniture,7,5278,977.82
341,2021-12-07,East,Headphones,Furniture,8,34584,5766.57
342,2021-12-08,West,Chair,Electronics,5,11880,1939.93
343,2021-12-09,East,Mobile,Clothing,7,22799,5809.16
344,2021-12-10,South,Laptop,Electronics,8,24992,2759.48
345,2021-12-11,East,Table,Clothing,9,41589,4265.55
346,2021-12-12,East,Headphones,Electronics,3,10512,2723.75
347,2021-12-13,East,Mobile,Clothing,3,12702,2482.34
348,2021-12-14,West,Headphones,Furniture,4,6976,880.21
349,2021-12-15,West,Mobile,Clothing,5,7540,1109.23
350,2021-12-16,East,Mobile,Electronics,1,4814,1379.21
351,2021-12-17,West,T-Shirt,Furniture,7,14070,3825.64
352,2021-12-18,North,Laptop,Clothing,9,22131,5354.75
353,2021-12-19,North,Headphones,Clothing,8,24064,4727.25
354,2021-12-20,West,Headphones,Clothing,5,15910,3246.67
355,2021-12-21,West,T-Shirt,Clothing,4,5956,1757.31
356,2021-12-22,East,Table,Clothing,7,33488,9817.14
357,2021-12-23,South,Table,Furniture,5,3770,539.31
358,2021-12-24,West,Shoes,Furniture,7,32641,8559.15
359,2021-12-25,North,Laptop,Furniture,1,4952,690.55
360,2021-12-26,East,Laptop,Furniture,1,755,107.74
361,2021-12-27,West,Chair,Electronics,3,4521,1063.42
362,2021-12-28,North,T-Shirt,Furniture,2,4510,816.31
363,2021-12-29,North,Table,Clothing,2,6142,1758.51
364,2021-12-30,South,Mobile,Clothing,7,30856,3634.9
365,2021-12-31,East,Headphones,Furniture,2,6994,1414.92
366,2022-01-01,East,Laptop,Clothing,4,13212,3748.3
367,2022-01-02,South,Headphones,Furniture,2,8530,2395.42
368,2022-01-03,South,Headphones,Clothing,6,29274,3843.85
369,2022-01-04,East,Chair,Electronics,8,31064,5384.25
370,2022-01-05,East,Table,Electronics,4,2392,535.39
371,2022-01-06,West,Laptop,Furniture,5,3480,458.94
372,2022-01-07,West,Headphones,Furniture,4,12116,3557.31
373,2022-01-08,South,Laptop,Furniture,3,4131,1168.87
374,2022-01-09,West,Mobile,Clothing,5,11840,1579.34
375,2022-01-10,North,Chair,Furniture,9,28485,3538.72
376,2022-01-11,West,Mobile,Electronics,8,15104,1768.4
377,2022-01-12,West,Laptop,Clothing,8,23320,6573.65
378,2022-01-13,North,Shoes,Furniture,8,8552,1186.37
379,2022-01-14,South,Laptop,Clothing,8,25096,4599.02
380,2022-01-15,North,Table,Clothing,7,10955,2078.93
381,2022-01-16,West,Headphones,Furniture,8,7368,1619.5
382,2022-01-17,South,Headphones,Clothing,8,27064,3094.69
383,2022-01-18,West,Mobile,Electronics,8,13632,1981.43
384,2022-01-19,North,Chair,Electronics,7,7308,2092.27
385,2022-01-20,North,Shoes,Clothing,1,4666,1314.33
386,2022-01-21,West,T-Shirt,Furniture,4,16556,4242.61
387,2022-01-22,East,Headphones,Clothing,4,6892,715.94
388,2022-01-23,East,Table,Electronics,5,18360,3036.77
389,2022-01-24,North,Mobile,Clothing,6,7602,1714.95
390,2022-01-25,North,Mobile,Clothing,4,16628,2577.97
391,2022-01-26,East,T-Shirt,Electronics,2,2308,650.67
392,2022-01-27,East,Table,Clothing,6,17676,4008.53
393,2022-01-28,West,Chair,Clothing,8,5760,658.84
394,2022-01-29,West,Table,Furniture,8,33328,9391.87
395,2022-01-30,East,Chair,Furniture,7,33439,9749.25
396,2022-01-31,West,Table,Electronics,6,29412,3398.34
397,2022-02-01,West,Table,Electronics,2,6138,1267.33
398,2022-02-02,South,Laptop,Electronics,7,10591,1701.69
399,2022-02-03,West,Mobile,Furniture,5,12755,2277.63
400,2022-02-04,North,Table,Electronics,6,26910,3657.88
401,2022-02-05,West,T-Shirt,Electronics,8,38480,8296.84
402,2022-02-06,West,Table,Electronics,8,28152,8209.01
403,2022-02-07,East,Headphones,Furniture,3,12543,2516.31
404,2022-02-08,North,Mobile,Clothing,7,13601,1585.64
405,2022-02-09,West,Headphones,Electronics,1,4696,1051.91
406,2022-02-10,West,Mobile,Clothing,1,3510,589.84
407,2022-02-11,South,Headphones,Electronics,7,7504,2034.97
408,2022-02-12,West,Table,Clothing,9,16488,3082.19
409,2022-02-13,West,Table,Furniture,7,31514,4366.83
410,2022-02-14,South,Laptop,Furniture,5,18170,2511.48
411,2022-02-15,East,T-Shirt,Electronics,8,36688,9309.68
412,2022-02-16,West,Headphones,Clothing,2,1450,222.02
413,2022-02-17,South,Chair,Furniture,9,42300,10720.79
414,2022-02-18,North,Laptop,Electronics,6,14982,2115.12
415,2022-02-19,East,Headphones,Electronics,9,11439,1879.85
416,2022-02-20,North,Headphones,Furniture,2,1866,360.32
417,2022-02-21,North,Laptop,Furniture,3,10797,3116.44
418,2022-02-22,South,Table,Electronics,8,25832,7396.9
419,2022-02-23,West,Headphones,Clothing,1,3907,552.35
420,2022-02-24,South,Table,Clothing,7,25480,4373.48
421,2022-02-25,South,Laptop,Clothing,7,9555,1241.0
422,2022-02-26,South,Table,Electronics,1,3293,665.18
423,2022-02-27,South,Mobile,Furniture,9,30699,5897.78
424,2022-02-28,East,Chair,Electronics,8,23320,6533.15
425,2022-03-01,West,Shoes,Furniture,4,3000,858.0
426,2022-03-02,North,Headphones,Clothing,5,21285,3761.35
427,2022-03-03,North,T-Shirt,Clothing,2,2836,562.51
428,2022-03-04,West,Chair,Furniture,9,15057,4204.63
429,2022-03-05,North,Shoes,Furniture,6,22218,5806.49
430,2022-03-06,West,Table,Electronics,3,2796,281.64
431,2022-03-07,North,Headphones,Clothing,7,9345,1532.69
432,2022-03-08,South,Table,Electronics,9,24714,4556.15
433,2022-03-09,North,Mobile,Electronics,3,8286,1209.29
434,2022-03-10,West,Laptop,Electronics,2,2794,390.92
435,2022-03-11,West,Headphones,Clothing,7,28924,3110.98
436,2022-03-12,West,Shoes,Electronics,7,30205,6907.1
437,2022-03-13,West,Shoes,Electronics,4,2984,455.07
438,2022-03-14,West,Mobile,Electronics,9,26361,2912.08
439,2022-03-15,East,Mobile,Electronics,8,11920,1742.65
440,2022-03-16,East,Headphones,Electronics,1,3810,992.06
441,2022-03-17,North,Table,Electronics,1,1426,385.44
442,2022-03-18,West,T-Shirt,Clothing,5,19690,3871.31
443,2022-03-19,North,Shoes,Electronics,6,18642,3415.48
444,2022-03-20,West,Shoes,Furniture,3,4722,1395.69
445,2022-03-21,West,Mobile,Electronics,9,40698,5702.32
446,2022-03-22,East,Chair,Electronics,6,25794,3690.4
447,2022-03-23,East,Mobile,Clothing,4,14604,2312.89
448,2022-03-24,South,T-Shirt,Clothing,7,27566,3709.05
449,2022-03-25,East,Table,Furniture,8,31928,5615.28
450,2022-03-26,South,Table,Furniture,9,10854,3062.64
451,2022-03-27,South,Chair,Clothing,6,21384,4770.12
452,2022-03-28,South,Shoes,Clothing,6,7518,1371.2
453,2022-03-29,South,Mobile,Electronics,8,8696,2494.73
454,2022-03-30,South,Table,Clothing,5,9170,1005.88
455,2022-03-31,North,T-Shirt,Furniture,3,7041,1000.21
456,2022-04-01,East,Headphones,Electronics,3,13302,2835.69
457,2022-04-02,South,Laptop,Furniture,6,26556,5924.92
458,2022-04-03,West,Laptop,Electronics,2,7634,823.8
459,2022-04-04,East,Laptop,Clothing,6,27120,4898.08
460,2022-04-05,East,Shoes,Furniture,6,21930,5040.19
461,2022-04-06,South,Mobile,Electronics,8,38416,9205.02
462,2022-04-07,North,Chair,Electronics,7,18886,4298.98
463,2022-04-08,South,Table,Clothing,8,5312,871.77
464,2022-04-09,North,Headphones,Clothing,9,22482,2668.7
465,2022-04-10,West,T-Shirt,Clothing,6,21342,3957.29
466,2022-04-11,East,Headphones,Furniture,3,7752,974.82
467,2022-04-12,West,T-Shirt,Electronics,3,14784,4280.33
468,2022-04-13,North,Shoes,Clothing,1,902,175.92
469,2022-04-14,North,Mobile,Furniture,5,4565,746.16
470,2022-04-15,West,Laptop,Furniture,4,2176,551.1
471,2022-04-16,North,Mobile,Furniture,9,41913,8365.4
472,2022-04-17,West,Shoes,Clothing,9,26703,4326.07
473,2022-04-18,East,Chair,Clothing,5,6835,1793.46
474,2022-04-19,West,Chair,Electronics,4,2072,566.55
475,2022-04-20,East,Shoes,Electronics,7,6048,1418.87
476,2022-04-21,West,T-Shirt,Clothing,6,25992,2843.34
477,2022-04-22,North,Table,Furniture,4,4316,920.45
478,2022-04-23,West,Table,Furniture,2,2090,528.06
479,2022-04-24,North,T-Shirt,Furniture,1,4650,591.95
480,2022-04-25,West,Chair,Electronics,4,14156,2063.01
481,2022-04-26,West,Chair,Furniture,4,18548,5128.5
482,2022-04-27,South,Chair,Electronics,1,4544,472.69
483,2022-04-28,North,Mobile,Electronics,6,28956,7254.79
484,2022-04-29,South,Chair,Furniture,4,3808,741.63
485,2022-04-30,North,Headphones,Furniture,1,4461,844.71
486,2022-05-01,South,Laptop,Clothing,1,1881,190.77
487,2022-05-02,East,Chair,Clothing,1,1967,519.05
488,2022-05-03,West,T-Shirt,Furniture,8,25904,4454.58
489,2022-05-04,North,Laptop,Electronics,8,13728,2857.53
490,2022-05-05,North,Mobile,Electronics,2,2760,649.87
491,2022-05-06,West,T-Shirt,Electronics,7,30198,7263.4
492,2022-05-07,North,Laptop,Electronics,8,29192,8500.59
493,2022-05-08,North,T-Shirt,Electronics,8,4672,963.68
494,2022-05-09,South,Mobile,Clothing,7,32508,5849.62
495,2022-05-10,North,Headphones,Furniture,5,8340,2424.78
496,2022-05-11,East,Mobile,Clothing,1,4664,1065.36
497,2022-05-12,East,Mobile,Electronics,9,32661,5213.68
498,2022-05-13,West,T-Shirt,Electronics,7,29015,3635.37
499,2022-05-14,North,Shoes,Electronics,2,6052,1625.03
500,2022-05-15,West,Table,Electronics,6,20202,3483.56
501,2022-05-16,East,Chair,Furniture,2,8032,1864.18
502,2022-05-17,North,Chair,Electronics,1,3867,750.83
503,2022-05-18,North,Headphones,Furniture,7,18858,2636.08
504,2022-05-19,West,Headphones,Electronics,2,8110,1786.94
505,2022-05-20,East,Chair,Furniture,2,1890,211.94
506,2022-05-21,North,Table,Clothing,5,20630,3768.45
507,2022-05-22,West,Chair,Electronics,5,22580,4726.51
508,2022-05-23,East,Shoes,Furniture,7,30625,5733.29
509,2022-05-24,West,Table,Clothing,1,3837,958.23
510,2022-05-25,South,Headphones,Electronics,8,6088,1616.88
511,2022-05-26,North,Laptop,Electronics,3,7044,1790.93
512,2022-05-27,South,T-Shirt,Electronics,4,18100,1950.5
513,2022-05-28,East,Shoes,Furniture,9,24894,3455.93
514,2022-05-29,South,Shoes,Furniture,4,2364,490.11
515,2022-05-30,South,Headphones,Clothing,5,23610,6775.23
516,2022-05-31,East,Headphones,Furniture,7,32725,8737.29
517,2022-06-01,West,Mobile,Furniture,4,15236,4090.97
518,2022-06-02,South,Shoes,Electronics,1,1482,238.07
519,2022-06-03,West,Mobile,Electronics,9,35487,6596.66
520,2022-06-04,South,Mobile,Electronics,4,12132,2355.32
521,2022-06-05,West,T-Shirt,Electronics,9,10737,1411.64
522,2022-06-06,East,Mobile,Electronics,6,27720,2944.24
523,2022-06-07,South,Table,Electronics,1,655,189.54
524,2022-06-08,East,Chair,Electronics,3,12264,1816.82
525,2022-06-09,South,Laptop,Clothing,2,4624,684.3
526,2022-06-10,East,Headphones,Clothing,9,41526,4845.08
527,2022-06-11,East,Table,Clothing,1,1907,544.83
528,2022-06-12,South,Laptop,Clothing,9,15444,3335.09
529,2022-06-13,South,Shoes,Electronics,9,17190,4012.27
530,2022-06-14,South,Shoes,Clothing,8,31976,9027.32
531,2022-06-15,North,Shoes,Electronics,8,38976,6591.78
532,2022-06-16,West,Table,Clothing,1,1051,235.74
533,2022-06-17,North,Table,Furniture,8,31152,3356.94
534,2022-06-18,North,Headphones,Clothing,3,5028,690.62
535,2022-06-19,East,Chair,Clothing,7,33824,9005.61
536,2022-06-20,South,Mobile,Electronics,1,1497,379.27
537,2022-06-21,West,Shoes,Clothing,1,4576,778.51
538,2022-06-22,East,T-Shirt,Furniture,5,16155,2832.98
539,2022-06-23,North,Chair,Electronics,5,22185,4585.88
540,2022-06-24,South,T-Shirt,Electronics,8,36416,3643.36
541,2022-06-25,East,Headphones,Clothing,7,6104,904.91
542,2022-06-26,South,Headphones,Electronics,8,21984,3113.95
543,2022-06-27,East,Headphones,Electronics,6,8088,1213.98
544,2022-06-28,South,Laptop,Electronics,6,18336,4789.02
545,2022-06-29,North,T-Shirt,Electronics,2,5644,880.1
546,2022-06-30,West,Chair,Electronics,6,6018,832.32
547,2022-07-01,North,Chair,Electronics,5,18445,3704.73
548,2022-07-02,West,Table,Furniture,3,3606,984.9
549,2022-07-03,South,Table,Clothing,6,24750,3669.68
550,2022-07-04,East,Shoes,Furniture,8,6512,753.49
551,2022-07-05,North,Table,Electronics,9,25884,4433.44
552,2022-07-06,West,Headphones,Electronics,1,1540,384.28
553,2022-07-07,North,Chair,Clothing,3,14634,3075.16
554,2022-07-08,West,T-Shirt,Furniture,3,10470,2757.37
555,2022-07-09,North,Headphones,Clothing,8,6056,1767.86
556,2022-07-10,West,Laptop,Furniture,1,1074,277.66
557,2022-07-11,West,Table,Electronics,5,10260,2265.0
558,2022-07-12,South,Headphones,Clothing,3,3771,749.18
559,2022-07-13,West,Headphones,Clothing,2,6620,715.05
560,2022-07-14,South,Laptop,Electronics,8,12832,3809.36
561,2022-07-15,West,Mobile,Clothing,3,11877,2098.62
562,2022-07-16,East,Chair,Furniture,7,31444,4101.73
563,2022-07-17,East,T-Shirt,Furniture,1,703,164.04
564,2022-07-18,East,Shoes,Furniture,6,19650,3082.25
565,2022-07-19,West,Mobile,Furniture,3,8496,1844.95
566,2022-07-20,South,Table,Electronics,8,19936,4333.16
567,2022-07-21,South,Headphones,Clothing,6,16458,3112.96
568,2022-07-22,West,Laptop,Furniture,2,1612,430.76
569,2022-07-23,East,Laptop,Electronics,6,13122,2007.58
570,2022-07-24,East,Chair,Clothing,7,32263,6121.15
571,2022-07-25,South,Mobile,Clothing,5,11800,2448.95
572,2022-07-26,East,Shoes,Electronics,3,7383,1718.21
573,2022-07-27,North,Chair,Electronics,4,4888,1255.21
574,2022-07-28,South,Headphones,Furniture,4,5116,915.57
575,2022-07-29,East,Chair,Clothing,6,6168,1413.76
576,2022-07-30,South,T-Shirt,Clothing,1,843,109.69
577,2022-07-31,North,Laptop,Electronics,4,17144,4912.26
578,2022-08-01,South,Laptop,Clothing,4,16728,2954.36
579,2022-08-02,South,Table,Furniture,1,708,174.1
580,2022-08-03,South,Table,Clothing,9,35154,3658.41
581,2022-08-04,South,Shoes,Electronics,4,7244,1021.68
582,2022-08-05,North,Headphones,Electronics,7,19593,3867.98
583,2022-08-06,West,T-Shirt,Furniture,3,11508,3172.19
584,2022-08-07,South,Mobile,Furniture,3,7341,1508.22
585,2022-08-08,South,Chair,Clothing,8,11352,3246.38
586,2022-08-09,East,Shoes,Clothing,8,20352,4004.45
587,2022-08-10,South,Headphones,Electronics,1,918,181.85
588,2022-08-11,East,Table,Furniture,2,4498,557.52
589,2022-08-12,West,Chair,Furniture,8,26736,6965.56
590,2022-08-13,North,Table,Furniture,1,1599,238.88
591,2022-08-14,North,Chair,Clothing,8,31136,8715.67
592,2022-08-15,West,Mobile,Furniture,8,26176,7385.95
593,2022-08-16,North,Headphones,Electronics,2,5960,1720.43
594,2022-08-17,West,Chair,Electronics,4,8180,1669.1
595,2022-08-18,West,T-Shirt,Clothing,6,9420,2217.64
596,2022-08-19,West,Shoes,Clothing,9,21150,5408.12
597,2022-08-20,North,Laptop,Furniture,8,37584,4743.21
598,2022-08-21,East,T-Shirt,Clothing,8,27512,6057.91
599,2022-08-22,West,T-Shirt,Electronics,7,16821,1797.48
600,2022-08-23,South,Shoes,Furniture,9,10602,2115.24
601,2022-08-24,North,Laptop,Electronics,2,2976,389.76
602,2022-08-25,West,T-Shirt,Furniture,3,8925,1219.02
603,2022-08-26,West,Chair,Clothing,8,16856,2916.25
604,2022-08-27,South,Chair,Furniture,6,20214,3769.66
605,2022-08-28,East,Chair,Furniture,9,18018,4047.46
606,2022-08-29,East,Laptop,Electronics,4,9156,1051.89
607,2022-08-30,East,T-Shirt,Electronics,8,15400,3091.37
608,2022-08-31,West,Laptop,Furniture,3,8820,1204.15
609,2022-09-01,West,Chair,Clothing,3,7626,1638.03
610,2022-09-02,West,Shoes,Clothing,8,14224,3235.69
611,2022-09-03,North,T-Shirt,Electronics,5,15470,3269.46
612,2022-09-04,South,T-Shirt,Clothing,3,8808,2181.38
613,2022-09-05,West,Table,Electronics,1,4303,719.13
614,2022-09-06,South,Table,Clothing,3,8115,2053.27
615,2022-09-07,South,Mobile,Furniture,9,13743,2563.8
616,2022-09-08,East,Headphones,Electronics,5,20195,3975.12
617,2022-09-09,North,Table,Electronics,2,7966,1829.16
618,2022-09-10,West,Laptop,Furniture,7,19187,1989.15
619,2022-09-11,East,Table,Electronics,2,6530,1507.12
620,2022-09-12,East,Mobile,Clothing,4,6692,1497.11
621,2022-09-13,West,T-Shirt,Clothing,7,26110,4229.02
622,2022-09-14,South,Mobile,Electronics,4,15400,1804.25
623,2022-09-15,East,T-Shirt,Clothing,7,6321,747.06
624,2022-09-16,South,Shoes,Electronics,7,22575,6425.86
625,2022-09-17,North,Shoes,Furniture,1,3882,923.36
626,2022-09-18,South,T-Shirt,Electronics,6,27978,3509.02
627,2022-09-19,North,Headphones,Furniture,9,5283,905.21
628,2022-09-20,South,Table,Clothing,2,3316,724.53
629,2022-09-21,East,Laptop,Furniture,3,14319,3824.81
630,2022-09-22,East,Laptop,Clothing,5,16785,1825.07
631,2022-09-23,North,Chair,Electronics,9,16929,2494.09
632,2022-09-24,West,T-Shirt,Clothing,4,10256,2850.65
633,2022-09-25,North,Laptop,Electronics,1,2874,292.67
634,2022-09-26,North,Headphones,Electronics,4,3268,458.43
635,2022-09-27,South,T-Shirt,Furniture,6,12012,3505.16
636,2022-09-28,South,Headphones,Furniture,5,12710,2830.27
637,2022-09-29,North,Laptop,Furniture,1,2522,384.19
638,2022-09-30,East,Laptop,Furniture,4,2472,280.32
639,2022-10-01,South,Chair,Clothing,6,7254,766.3
640,2022-10-02,West,Laptop,Clothing,4,16228,2417.14
641,2022-10-03,South,T-Shirt,Clothing,9,41760,11538.17
642,2022-10-04,South,Shoes,Electronics,5,24545,4496.22
643,2022-10-05,West,T-Shirt,Clothing,8,30000,7322.0
644,2022-10-06,North,T-Shirt,Clothing,9,8253,2341.02
645,2022-10-07,West,Chair,Clothing,5,15515,2817.65
646,2022-10-08,North,Chair,Furniture,6,26124,3611.79
647,2022-10-09,North,Laptop,Clothing,1,1601,325.68
648,2022-10-10,North,Mobile,Electronics,7,34447,9700.85
649,2022-10-11,West,Mobile,Furniture,4,15712,4098.87
650,2022-10-12,North,Chair,Electronics,2,5522,624.9
651,2022-10-13,East,Laptop,Clothing,5,23345,5568.12
652,2022-10-14,West,Mobile,Furniture,3,12402,2658.73
653,2022-10-15,East,Laptop,Electronics,6,6048,1702.47
654,2022-10-16,North,Laptop,Clothing,8,23032,2867.4
655,2022-10-17,South,Laptop,Electronics,7,25648,5304.19
656,2022-10-18,North,Table,Electronics,3,3561,982.45
657,2022-10-19,East,T-Shirt,Electronics,8,14336,2609.22
658,2022-10-20,East,Laptop,Clothing,2,8810,1730.28
659,2022-10-21,West,Table,Clothing,9,32175,3670.91
660,2022-10-22,South,Chair,Electronics,4,14836,2308.91
661,2022-10-23,West,Mobile,Furniture,1,824,135.88
662,2022-10-24,East,T-Shirt,Furniture,8,19944,5764.3
663,2022-10-25,North,Shoes,Clothing,7,31332,4904.51
664,2022-10-26,South,Mobile,Clothing,5,16350,3142.04
665,2022-10-27,North,T-Shirt,Clothing,5,24360,5706.6
666,2022-10-28,North,Shoes,Clothing,7,21581,2858.12
667,2022-10-29,South,Mobile,Clothing,5,20285,4002.0
668,2022-10-30,West,T-Shirt,Furniture,8,32696,8099.05
669,2022-10-31,North,Mobile,Clothing,6,3906,1067.79
670,2022-11-01,East,Mobile,Electronics,5,7270,1637.58
671,2022-11-02,North,Shoes,Electronics,9,43686,10214.25
672,2022-11-03,South,Mobile,Furniture,2,5742,719.22
673,2022-11-04,South,Mobile,Electronics,1,1691,488.96
674,2022-11-05,South,Shoes,Furniture,8,9496,1201.38
675,2022-11-06,West,Chair,Furniture,3,2427,618.73
676,2022-11-07,North,Laptop,Electronics,7,14014,2143.63
677,2022-11-08,West,Headphones,Clothing,8,29016,8319.43
678,2022-11-09,West,Table,Electronics,6,23202,5661.1
679,2022-11-10,South,Headphones,Electronics,9,35055,8790.49
680,2022-11-11,South,Headphones,Furniture,7,9191,1321.77
681,2022-11-12,West,T-Shirt,Electronics,5,6725,1268.39
682,2022-11-13,North,Laptop,Furniture,8,13312,2976.07
683,2022-11-14,East,T-Shirt,Clothing,2,4534,1151.61
684,2022-11-15,West,Laptop,Clothing,7,5978,722.09
685,2022-11-16,North,Shoes,Clothing,4,9488,2774.98
686,2022-11-17,South,Shoes,Electronics,9,22716,6316.05
687,2022-11-18,South,Laptop,Furniture,1,3317,511.05
688,2022-11-19,North,Mobile,Clothing,7,30324,8022.28
689,2022-11-20,East,Chair,Furniture,6,28650,5835.0
690,2022-11-21,South,Mobile,Furniture,8,4520,869.47
691,2022-11-22,South,Chair,Clothing,5,23830,3881.59
692,2022-11-23,South,T-Shirt,Clothing,1,4590,992.33
693,2022-11-24,North,Chair,Furniture,1,3021,743.1
694,2022-11-25,West,T-Shirt,Clothing,9,27729,5051.85
695,2022-11-26,South,Shoes,Furniture,6,11340,2561.07
696,2022-11-27,West,Headphones,Furniture,5,8150,1954.88
697,2022-11-28,East,Shoes,Clothing,1,2986,723.28
698,2022-11-29,South,Shoes,Electronics,6,8004,883.59
699,2022-11-30,South,Headphones,Clothing,6,4356,1184.61
700,2022-12-01,East,Chair,Electronics,3,12045,2308.43
701,2022-12-02,South,Chair,Furniture,8,23544,3590.06
702,2022-12-03,West,T-Shirt,Furniture,1,1227,182.03
703,2022-12-04,North,Mobile,Electronics,1,4186,822.98
704,2022-12-05,West,T-Shirt,Furniture,6,24732,6859.82
705,2022-12-06,North,Mobile,Electronics,1,1536,269.83
706,2022-12-07,North,Shoes,Electronics,6,13992,3497.23
707,2022-12-08,West,Headphones,Furniture,1,3240,386.74
708,2022-12-09,West,Shoes,Electronics,6,5952,1161.9
709,2022-12-10,West,Laptop,Clothing,3,6144,1832.98
710,2022-12-11,West,Chair,Clothing,8,13144,3339.73
711,2022-12-12,East,Mobile,Furniture,6,26742,3800.19
712,2022-12-13,South,T-Shirt,Furniture,1,3907,782.53
713,2022-12-14,North,Headphones,Electronics,5,5695,835.6
714,2022-12-15,West,Mobile,Electronics,8,5376,977.96
715,2022-12-16,West,T-Shirt,Electronics,3,14562,3728.12
716,2022-12-17,West,Chair,Electronics,6,26754,6802.07
717,2022-12-18,East,Shoes,Clothing,5,5080,739.75
718,2022-12-19,West,Chair,Clothing,6,6132,1744.21
719,2022-12-20,West,Table,Furniture,1,2417,528.15
720,2022-12-21,West,Laptop,Electronics,7,23702,4171.19
721,2022-12-22,South,Table,Electronics,9,23976,4804.48
722,2022-12-23,East,Headphones,Furniture,2,4858,1073.69
723,2022-12-24,West,Mobile,Electronics,5,22225,4711.21
724,2022-12-25,North,Headphones,Electronics,4,10836,2137.74
725,2022-12-26,North,Shoes,Electronics,6,25698,5164.95
726,2022-12-27,North,T-Shirt,Electronics,6,18540,2508.14
727,2022-12-28,East,Chair,Electronics,2,9152,2402.83
728,2022-12-29,East,Table,Furniture,2,3186,663.81
729,2022-12-30,North,Table,Electronics,4,17520,2211.3
730,2022-12-31,West,Shoes,Furniture,1,2994,758.17
731,2023-01-01,East,Table,Electronics,9,27711,7938.89
732,2023-01-02,North,Shoes,Clothing,7,20916,6054.37
733,2023-01-03,North,Headphones,Clothing,7,22995,3996.61
734,2023-01-04,West,Chair,Clothing,3,9774,1242.31
735,2023-01-05,South,Mobile,Clothing,3,6222,1267.3
736,2023-01-06,East,T-Shirt,Furniture,1,2873,352.01
737,2023-01-07,West,Mobile,Furniture,3,13470,3863.16
738,2023-01-08,North,Headphones,Electronics,3,4779,653.37
739,2023-01-09,North,T-Shirt,Clothing,4,6756,1017.14
740,2023-01-10,West,Table,Furniture,4,12756,2313.01
741,2023-01-11,East,Laptop,Electronics,3,13785,2434.88
742,2023-01-12,South,Headphones,Electronics,8,19000,4919.72
743,2023-01-13,South,Headphones,Furniture,8,31248,5976.6
744,2023-01-14,North,Chair,Clothing,1,2287,306.81
745,2023-01-15,East,Mobile,Electronics,7,31024,4760.38
746,2023-01-16,South,Headphones,Clothing,2,4214,850.48
747,2023-01-17,East,Headphones,Clothing,1,4248,550.08
748,2023-01-18,East,Table,Clothing,3,1644,365.51
749,2023-01-19,North,Table,Electronics,4,17444,3718.18
750,2023-01-20,South,T-Shirt,Clothing,6,16080,3906.48
751,2023-01-21,West,Shoes,Electronics,5,17730,5098.1
752,2023-01-22,North,Shoes,Clothing,4,13332,3765.64
753,2023-01-23,South,Laptop,Electronics,8,15176,4389.13
754,2023-01-24,South,Shoes,Clothing,4,17304,2577.31
755,2023-01-25,South,Chair,Furniture,2,2662,336.25
756,2023-01-26,South,Laptop,Clothing,3,9591,1538.93
757,2023-01-27,South,T-Shirt,Clothing,6,19410,5415.72
758,2023-01-28,East,Table,Electronics,8,4648,1368.42
759,2023-01-29,North,Shoes,Electronics,8,4688,1274.5
760,2023-01-30,East,Mobile,Clothing,9,23067,2814.26
761,2023-01-31,West,Table,Furniture,7,9247,2676.87
762,2023-02-01,South,Chair,Furniture,2,1324,244.51
763,2023-02-02,North,Table,Electronics,8,33912,3454.35
764,2023-02-03,South,Chair,Furniture,7,20279,3822.16
765,2023-02-04,North,Chair,Clothing,8,19456,2124.86
766,2023-02-05,East,Chair,Electronics,3,9684,2021.78
767,2023-02-06,North,T-Shirt,Clothing,7,28245,4736.99
768,2023-02-07,West,Chair,Electronics,9,35514,6914.11
769,2023-02-08,West,Chair,Electronics,3,9870,2197.4
770,2023-02-09,North,Mobile,Electronics,6,19242,5267.69
771,2023-02-10,North,Laptop,Electronics,2,8866,2060.28
772,2023-02-11,North,Headphones,Furniture,2,7770,1451.51
773,2023-02-12,North,Laptop,Clothing,5,7110,1876.23
774,2023-02-13,West,Chair,Clothing,5,13375,3759.93
775,2023-02-14,South,Mobile,Clothing,7,14574,1806.48
776,2023-02-15,North,Table,Electronics,2,2128,439.19
777,2023-02-16,North,Mobile,Furniture,7,26306,4127.47
778,2023-02-17,West,Chair,Clothing,5,15485,1694.25
779,2023-02-18,West,Mobile,Furniture,6,18000,4206.77
780,2023-02-19,East,Shoes,Electronics,8,11896,3242.3
781,2023-02-20,North,Mobile,Clothing,4,16544,2193.41
782,2023-02-21,East,Chair,Furniture,7,5061,1328.43
783,2023-02-22,West,T-Shirt,Electronics,6,5100,1380.46
784,2023-02-23,West,Shoes,Furniture,2,4856,1373.61
785,2023-02-24,South,Mobile,Clothing,8,6784,1038.34
786,2023-02-25,North,Headphones,Clothing,9,42993,12072.03
787,2023-02-26,East,Headphones,Electronics,5,7585,1244.95
788,2023-02-27,West,Mobile,Electronics,4,10904,2294.94
789,2023-02-28,West,T-Shirt,Electronics,6,27744,3054.66
790,2023-03-01,East,Table,Furniture,8,23352,2540.14
791,2023-03-02,South,Chair,Furniture,3,7179,1752.21
792,2023-03-03,West,Headphones,Furniture,1,3540,668.69
793,2023-03-04,North,Table,Electronics,4,10272,1553.73
794,2023-03-05,West,Mobile,Clothing,4,6500,897.54
795,2023-03-06,North,Table,Clothing,1,3617,846.34
796,2023-03-07,East,Shoes,Furniture,9,41949,4198.27
797,2023-03-08,North,Laptop,Furniture,3,13626,3558.81
798,2023-03-09,East,Headphones,Clothing,5,24665,2857.44
799,2023-03-10,North,Mobile,Clothing,6,16020,2215.53
800,2023-03-11,East,Chair,Furniture,8,7568,1341.41
801,2023-03-12,North,T-Shirt,Furniture,6,18948,3732.22
802,2023-03-13,South,Shoes,Clothing,3,11586,1981.19
803,2023-03-14,North,Mobile,Electronics,6,19308,3169.26
804,2023-03-15,North,Chair,Furniture,1,3983,1166.16
805,2023-03-16,South,T-Shirt,Clothing,4,13776,3145.28
806,2023-03-17,West,T-Shirt,Clothing,6,29256,3062.71
807,2023-03-18,West,Mobile,Clothing,7,7665,1425.96
808,2023-03-19,North,Shoes,Clothing,3,7458,2050.96
809,2023-03-20,South,Table,Electronics,9,29250,4688.52
810,2023-03-21,North,Table,Clothing,7,11018,1310.16
811,2023-03-22,East,T-Shirt,Furniture,1,4469,1124.74
812,2023-03-23,East,Table,Electronics,2,9610,2125.76
813,2023-03-24,North,Laptop,Clothing,1,4721,1010.59
814,2023-03-25,West,T-Shirt,Electronics,9,36720,4065.47
815,2023-03-26,West,T-Shirt,Furniture,9,31563,4043.21
816,2023-03-27,North,Chair,Clothing,7,10283,2308.64
817,2023-03-28,North,Table,Furniture,3,3240,458.67
818,2023-03-29,East,Shoes,Clothing,5,16620,3337.53
819,2023-03-30,West,T-Shirt,Clothing,4,18004,3762.41
820,2023-03-31,North,Shoes,Clothing,7,11977,1876.81
821,2023-04-01,East,Laptop,Clothing,9,6561,1900.62
822,2023-04-02,West,Chair,Clothing,2,9568,2568.94
823,2023-04-03,South,Mobile,Electronics,8,29480,7207.11
824,2023-04-04,East,Shoes,Clothing,9,9009,1041.43
825,2023-04-05,West,T-Shirt,Clothing,9,23688,2871.6
826,2023-04-06,West,Laptop,Electronics,7,3836,761.66
827,2023-04-07,East,Headphones,Electronics,9,36594,4835.63
828,2023-04-08,South,Laptop,Electronics,9,31995,9459.42
829,2023-04-09,East,Laptop,Electronics,3,3564,469.39
830,2023-04-10,West,Chair,Electronics,4,3544,699.92
831,2023-04-11,North,Mobile,Electronics,2,2938,507.76
832,2023-04-12,North,Headphones,Clothing,3,11880,2707.18
833,2023-04-13,East,Table,Clothing,5,7525,946.7
834,2023-04-14,West,Table,Furniture,5,17760,3304.48
835,2023-04-15,North,Shoes,Clothing,6,23502,3641.42
836,2023-04-16,West,Laptop,Clothing,7,19614,5443.87
837,2023-04-17,East,Chair,Electronics,7,19481,2106.23
838,2023-04-18,North,Chair,Electronics,1,2107,595.74
839,2023-04-19,West,Table,Clothing,2,9732,2594.54
840,2023-04-20,North,Shoes,Furniture,9,5598,892.96
841,2023-04-21,East,Shoes,Electronics,2,3560,917.97
842,2023-04-22,West,Shoes,Clothing,6,25362,2694.53
843,2023-04-23,North,Headphones,Clothing,1,758,222.38
844,2023-04-24,East,Mobile,Furniture,3,4341,891.29
845,2023-04-25,North,Headphones,Furniture,2,2048,329.02
846,2023-04-26,North,T-Shirt,Electronics,3,4161,717.84
847,2023-04-27,South,T-Shirt,Furniture,5,3535,400.45
848,2023-04-28,South,Mobile,Clothing,6,23292,6937.99
849,2023-04-29,East,Table,Clothing,9,29646,3197.57
850,2023-04-30,South,Mobile,Furniture,4,2592,598.7
851,2023-05-01,East,Chair,Furniture,7,6559,1236.68
852,2023-05-02,South,T-Shirt,Furniture,6,16212,4697.97
853,2023-05-03,North,Laptop,Furniture,2,8498,1267.9
854,2023-05-04,East,Laptop,Electronics,8,29288,6045.55
855,2023-05-05,East,Table,Furniture,7,30807,6052.69
856,2023-05-06,North,Chair,Electronics,7,34671,8340.92
857,2023-05-07,East,Headphones,Clothing,8,29960,3403.52
858,2023-05-08,East,Chair,Furniture,1,3323,461.09
859,2023-05-09,South,Laptop,Electronics,1,3770,538.78
860,2023-05-10,East,Laptop,Furniture,8,7880,1951.33
861,2023-05-11,West,T-Shirt,Clothing,4,2796,385.37
862,2023-05-12,North,Chair,Clothing,5,24830,5330.96
863,2023-05-13,South,Chair,Clothing,8,19856,2840.38
864,2023-05-14,South,Laptop,Furniture,5,9855,2683.76
865,2023-05-15,West,Headphones,Furniture,4,19372,5587.6
866,2023-05-16,North,Table,Electronics,6,16866,3435.58
867,2023-05-17,North,Shoes,Clothing,5,19365,3300.99
868,2023-05-18,South,Table,Furniture,7,18046,2649.36
869,2023-05-19,East,Chair,Clothing,7,14147,1555.55
870,2023-05-20,South,Table,Clothing,4,4416,678.74
871,2023-05-21,North,Laptop,Electronics,5,21740,5018.62
872,2023-05-22,West,Laptop,Electronics,3,11526,2382.69
873,2023-05-23,South,Chair,Electronics,4,7668,2214.58
874,2023-05-24,North,Chair,Electronics,4,17500,3136.97
875,2023-05-25,South,Shoes,Clothing,3,10299,2459.12
876,2023-05-26,East,Shoes,Electronics,5,5240,1036.81
877,2023-05-27,South,T-Shirt,Electronics,5,6690,1354.83
878,2023-05-28,South,Chair,Electronics,7,30205,4638.12
879,2023-05-29,North,Headphones,Electronics,4,5388,1029.05
880,2023-05-30,North,Table,Clothing,4,19016,3692.09
881,2023-05-31,North,Chair,Electronics,9,44712,10790.28
882,2023-06-01,South,Mobile,Clothing,6,16632,4792.14
883,2023-06-02,East,T-Shirt,Furniture,4,15280,2534.41
884,2023-06-03,West,Mobile,Clothing,2,6116,663.22
885,2023-06-04,West,Laptop,Clothing,6,28866,5751.81
886,2023-06-05,North,Shoes,Electronics,2,4992,1042.79
887,2023-06-06,North,Table,Furniture,5,20865,2789.4
888,2023-06-07,South,Chair,Furniture,6,12384,3121.92
889,2023-06-08,West,Mobile,Furniture,4,18072,5367.13
890,2023-06-09,North,Table,Furniture,3,7020,2029.87
891,2023-06-10,East,Laptop,Clothing,7,26537,3699.82
892,2023-06-11,East,Shoes,Furniture,2,6774,1863.34
893,2023-06-12,North,Headphones,Clothing,6,7356,1772.05
894,2023-06-13,North,T-Shirt,Clothing,4,6976,1330.81
895,2023-06-14,West,Table,Clothing,6,23760,4944.98
896,2023-06-15,West,Table,Furniture,4,16872,4554.09
897,2023-06-16,South,Headphones,Electronics,4,6260,1227.13
898,2023-06-17,West,Table,Electronics,4,3128,546.28
899,2023-06-18,East,Laptop,Furniture,9,14229,2826.58
900,2023-06-19,East,Laptop,Electronics,7,30695,6624.78
901,2023-06-20,North,Headphones,Electronics,3,10143,1397.86
902,2023-06-21,West,T-Shirt,Clothing,3,9252,2592.24
903,2023-06-22,South,Chair,Clothing,6,20820,4889.31
904,2023-06-23,East,Mobile,Furniture,6,9912,2246.59
905,2023-06-24,East,Chair,Furniture,4,15988,1916.95
906,2023-06-25,South,Table,Electronics,9,13023,2875.93
907,2023-06-26,South,Mobile,Clothing,4,8868,1101.34
908,2023-06-27,East,Headphones,Furniture,9,5094,589.58
909,2023-06-28,East,Headphones,Furniture,4,4544,933.62
910,2023-06-29,South,T-Shirt,Furniture,2,1626,293.59
911,2023-06-30,East,Mobile,Furniture,2,7794,1697.24
912,2023-07-01,North,Laptop,Furniture,5,5320,626.93
913,2023-07-02,North,Mobile,Furniture,4,8404,1564.8
914,2023-07-03,South,Table,Electronics,7,9275,1251.73
915,2023-07-04,West,Laptop,Clothing,5,20850,6201.21
916,2023-07-05,South,Shoes,Clothing,6,9150,1941.9
917,2023-07-06,South,Shoes,Furniture,4,11004,2613.31
918,2023-07-07,West,Shoes,Clothing,2,2608,430.54
919,2023-07-08,West,Headphones,Clothing,9,26559,3159.13
920,2023-07-09,West,Mobile,Clothing,7,13237,3907.22
921,2023-07-10,North,Shoes,Furniture,4,6940,1091.33
922,2023-07-11,East,Chair,Furniture,3,13596,2512.02
923,2023-07-12,North,T-Shirt,Clothing,3,11340,2607.89
924,2023-07-13,East,Chair,Clothing,9,36441,3824.1
925,2023-07-14,North,Shoes,Furniture,5,23500,6158.22
926,2023-07-15,East,T-Shirt,Electronics,3,13923,2886.46
927,2023-07-16,North,Table,Clothing,5,9270,1442.81
928,2023-07-17,West,Chair,Electronics,2,4672,524.77
929,2023-07-18,South,Mobile,Clothing,4,13568,1797.76
930,2023-07-19,North,Mobile,Electronics,2,5992,1671.81
931,2023-07-20,East,Chair,Electronics,2,6166,1462.61
932,2023-07-21,West,Shoes,Electronics,8,24464,3669.12
933,2023-07-22,North,Mobile,Furniture,1,4118,465.83
934,2023-07-23,North,Table,Electronics,7,14413,3432.07
935,2023-07-24,West,Laptop,Electronics,5,10035,2152.32
936,2023-07-25,North,Shoes,Electronics,8,36568,6615.29
937,2023-07-26,South,Table,Clothing,1,2563,442.69
938,2023-07-27,North,T-Shirt,Electronics,7,28994,4156.66
939,2023-07-28,South,Table,Clothing,5,12500,2924.03
940,2023-07-29,South,Shoes,Electronics,4,7176,2110.7
941,2023-07-30,West,T-Shirt,Electronics,7,31955,4318.5
942,2023-07-31,North,Shoes,Furniture,2,6504,1427.13
943,2023-08-01,West,Mobile,Clothing,1,2253,416.44
944,2023-08-02,North,Laptop,Electronics,1,4710,891.78
945,2023-08-03,North,Shoes,Clothing,1,2103,317.19
946,2023-08-04,East,Shoes,Clothing,5,9110,2414.4
947,2023-08-05,North,Mobile,Furniture,7,20587,4056.69
948,2023-08-06,West,Headphones,Furniture,2,3196,666.95
949,2023-08-07,South,Mobile,Furniture,8,16040,2581.67
950,2023-08-08,North,T-Shirt,Furniture,4,6504,886.9
951,2023-08-09,East,Mobile,Furniture,3,2388,279.83
952,2023-08-10,West,Mobile,Furniture,8,28392,6894.25
953,2023-08-11,North,Laptop,Furniture,2,5450,758.9
954,2023-08-12,West,Mobile,Furniture,3,14562,3465.98
955,2023-08-13,East,Shoes,Electronics,3,12861,2290.23
956,2023-08-14,East,Laptop,Clothing,1,2596,475.47
957,2023-08-15,West,Chair,Furniture,6,24654,4778.82
958,2023-08-16,North,Headphones,Furniture,2,5416,939.9
959,2023-08-17,South,Laptop,Clothing,1,675,81.08
960,2023-08-18,East,T-Shirt,Electronics,2,6004,972.21
961,2023-08-19,North,Chair,Clothing,6,26994,6282.77
962,2023-08-20,North,Laptop,Clothing,4,8668,2021.0
963,2023-08-21,South,Laptop,Furniture,6,29226,4595.64
964,2023-08-22,East,Headphones,Clothing,9,27405,5262.32
965,2023-08-23,East,Shoes,Clothing,8,9400,1303.68
966,2023-08-24,North,T-Shirt,Furniture,1,2323,330.04
967,2023-08-25,North,Table,Furniture,8,14848,1553.24
968,2023-08-26,South,Table,Furniture,9,32148,8980.52
969,2023-08-27,South,Laptop,Furniture,6,22554,3205.86
970,2023-08-28,East,Mobile,Clothing,5,5230,761.0
971,2023-08-29,West,T-Shirt,Clothing,6,15498,2416.45
972,2023-08-30,East,Chair,Electronics,6,15240,1912.34
973,2023-08-31,North,Mobile,Electronics,9,20268,4618.12
974,2023-09-01,East,Mobile,Clothing,4,8460,973.14
975,2023-09-02,West,T-Shirt,Electronics,2,4698,595.9
976,2023-09-03,South,Shoes,Clothing,9,28278,6474.29
977,2023-09-04,West,Laptop,Electronics,2,4200,705.31
978,2023-09-05,West,Laptop,Furniture,9,35064,8471.1
979,2023-09-06,West,Laptop,Electronics,2,9804,2073.4
980,2023-09-07,South,Laptop,Furniture,8,32840,4965.55
981,2023-09-08,West,Table,Furniture,9,38691,8905.34
982,2023-09-09,West,Laptop,Furniture,9,10062,1240.19
983,2023-09-10,West,Table,Furniture,9,14688,3044.56
984,2023-09-11,North,Table,Electronics,2,5230,980.26
985,2023-09-12,West,Shoes,Clothing,4,11356,1743.99
986,2023-09-13,South,Laptop,Furniture,7,22673,5006.22
987,2023-09-14,West,Headphones,Electronics,2,9552,2619.8
988,2023-09-15,West,Chair,Furniture,1,1987,595.66
989,2023-09-16,South,Mobile,Electronics,3,6171,1367.2
990,2023-09-17,West,Table,Electronics,4,10452,1891.2
991,2023-09-18,South,T-Shirt,Electronics,8,12352,1791.55
992,2023-09-19,West,T-Shirt,Clothing,6,17586,2662.86
993,2023-09-20,South,Chair,Electronics,2,4164,815.69
994,2023-09-21,West,T-Shirt,Electronics,9,16272,2822.47
995,2023-09-22,West,Headphones,Clothing,2,2202,622.64
996,2023-09-23,North,T-Shirt,Clothing,5,10600,1840.79
997,2023-09-24,North,Mobile,Electronics,4,2400,419.25
998,2023-09-25,West,Mobile,Clothing,7,33397,5901.48
999,2023-09-26,West,Table,Furniture,8,5896,1576.14
1000,2023-09-27,East,Laptop,Furniture,5,22625,5207.32
1001,2023-09-28,South,Shoes,Clothing,5,17090,3808.23
1002,2023-09-29,East,Headphones,Clothing,2,6084,1014.99
1003,2023-09-30,North,Table,Electronics,8,20024,5277.94
1004,2023-10-01,North,Headphones,Clothing,2,4074,438.66
1005,2023-10-02,North,Laptop,Electronics,6,7524,2062.78
1006,2023-10-03,North,T-Shirt,Furniture,8,30944,6267.71
1007,2023-10-04,West,T-Shirt,Clothing,6,16548,2972.85
1008,2023-10-05,North,Shoes,Electronics,4,16660,3322.56
1009,2023-10-06,West,Laptop,Electronics,4,18940,4422.17
1010,2023-10-07,West,Table,Furniture,6,6240,639.93
1011,2023-10-08,North,Shoes,Clothing,4,3076,843.78
1012,2023-10-09,North,Laptop,Furniture,8,31680,5998.54
1013,2023-10-10,South,Chair,Electronics,9,35172,5929.76
1014,2023-10-11,East,Mobile,Electronics,1,1005,128.29
1015,2023-10-12,North,Shoes,Clothing,4,6516,1224.31
1016,2023-10-13,South,Shoes,Electronics,4,10316,2055.61
1017,2023-10-14,South,Table,Clothing,2,7290,1317.52
1018,2023-10-15,East,Headphones,Furniture,6,22452,5292.66
1019,2023-10-16,West,Chair,Clothing,3,2583,475.74
1020,2023-10-17,North,Table,Clothing,7,29540,8634.06
1021,2023-10-18,East,Laptop,Electronics,5,9780,2150.19
1022,2023-10-19,North,Laptop,Electronics,4,18268,4777.0
1023,2023-10-20,South,Laptop,Clothing,5,23475,2860.93
1024,2023-10-21,South,Laptop,Electronics,8,17448,3131.19
1025,2023-10-22,West,Headphones,Electronics,3,4656,779.27
1026,2023-10-23,South,Chair,Electronics,7,21063,4505.3
1027,2023-10-24,South,T-Shirt,Clothing,6,7086,1928.97
1028,2023-10-25,East,Mobile,Electronics,1,4432,512.64
1029,2023-10-26,North,Headphones,Clothing,7,18403,2107.42
1030,2023-10-27,North,Headphones,Electronics,7,31612,8537.25
1031,2023-10-28,East,T-Shirt,Furniture,1,3802,542.05
1032,2023-10-29,West,T-Shirt,Electronics,9,10971,2564.48
1033,2023-10-30,North,Mobile,Electronics,6,3444,718.33
1034,2023-10-31,South,Mobile,Clothing,2,3586,955.95
1035,2023-11-01,North,T-Shirt,Clothing,5,12110,1513.97
1036,2023-11-02,South,Laptop,Electronics,4,18628,2346.32
1037,2023-11-03,West,Headphones,Furniture,7,5733,1211.75
1038,2023-11-04,East,Table,Electronics,8,21192,6130.33
1039,2023-11-05,North,Mobile,Electronics,1,1952,357.22
1040,2023-11-06,East,Mobile,Furniture,5,10275,1699.37
1041,2023-11-07,North,T-Shirt,Clothing,3,14121,3125.51
1042,2023-11-08,South,Chair,Electronics,1,3532,1010.47
1043,2023-11-09,East,Table,Clothing,3,2880,770.07
1044,2023-11-10,North,Table,Clothing,6,8316,2487.29
1045,2023-11-11,South,Mobile,Furniture,7,28231,2950.53
1046,2023-11-12,East,Laptop,Furniture,8,35488,4349.82
1047,2023-11-13,East,Chair,Clothing,4,6460,1433.43
1048,2023-11-14,North,Table,Electronics,3,4725,1247.94
1049,2023-11-15,North,Mobile,Clothing,5,21880,3436.23
1050,2023-11-16,North,Table,Electronics,9,21816,3225.33
1051,2023-11-17,South,Shoes,Electronics,6,8556,2202.27
1052,2023-11-18,North,Chair,Furniture,9,25029,2785.14
1053,2023-11-19,East,Chair,Electronics,6,9330,1622.27
1054,2023-11-20,East,Shoes,Electronics,2,2082,418.82
1055,2023-11-21,North,Headphones,Clothing,5,13305,2821.59
1056,2023-11-22,North,Shoes,Furniture,9,24759,6083.86
1057,2023-11-23,West,T-Shirt,Electronics,8,12416,2122.75
1058,2023-11-24,East,T-Shirt,Electronics,7,22708,5053.37
1059,2023-11-25,South,Mobile,Furniture,1,4369,948.4
1060,2023-11-26,West,Chair,Clothing,4,19924,4174.54
1061,2023-11-27,North,Headphones,Furniture,7,32599,7435.72
1062,2023-11-28,North,Headphones,Furniture,7,14420,2190.25
1063,2023-11-29,East,Table,Electronics,6,25572,2990.13
1064,2023-11-30,North,Table,Electronics,8,13312,1648.75
1065,2023-12-01,South,Shoes,Clothing,6,19332,2801.53
1066,2023-12-02,East,Headphones,Electronics,3,8574,1715.14
1067,2023-12-03,North,Shoes,Electronics,4,3880,1040.18
1068,2023-12-04,East,Shoes,Furniture,3,5748,1381.01
1069,2023-12-05,North,Table,Electronics,1,1968,507.37
1070,2023-12-06,North,Chair,Clothing,5,6540,1113.08
1071,2023-12-07,North,Shoes,Furniture,1,671,121.4
1072,2023-12-08,South,Laptop,Clothing,1,4626,826.83
1073,2023-12-09,South,Chair,Furniture,2,9284,1284.67
1074,2023-12-10,East,Headphones,Electronics,4,18900,2121.4
1075,2023-12-11,North,Headphones,Furniture,6,17394,3795.08
1076,2023-12-12,North,Shoes,Furniture,8,17160,5110.99
1077,2023-12-13,South,Chair,Electronics,3,1671,222.85
1078,2023-12-14,North,Table,Electronics,1,1629,178.11
1079,2023-12-15,South,Table,Clothing,3,5559,1422.58
1080,2023-12-16,North,T-Shirt,Clothing,3,3801,572.12
1081,2023-12-17,East,Headphones,Electronics,5,21975,5843.78
1082,2023-12-18,North,Mobile,Electronics,4,4728,1138.44
1083,2023-12-19,North,T-Shirt,Electronics,4,15816,4572.95
1084,2023-12-20,West,Table,Furniture,9,22572,4103.26
1085,2023-12-21,South,Chair,Furniture,7,25494,5924.65
1086,2023-12-22,North,Table,Furniture,4,9160,1767.61
1087,2023-12-23,North,Chair,Electronics,3,5931,1341.1
1088,2023-12-24,West,T-Shirt,Clothing,6,8310,1578.23
1089,2023-12-25,West,Headphones,Electronics,3,13218,1820.47
1090,2023-12-26,South,Table,Furniture,6,29952,6037.71
1091,2023-12-27,West,Shoes,Furniture,9,18342,3773.26
1092,2023-12-28,East,Chair,Electronics,6,15438,4046.62
1093,2023-12-29,West,Headphones,Electronics,4,3248,802.59
1094,2023-12-30,East,Mobile,Furniture,5,6550,1524.57
1095,2023-12-31,South,Chair,Furniture,6,16410,2013.14
1096,2024-01-01,South,T-Shirt,Furniture,3,10071,2458.57
1097,2024-01-02,South,Mobile,Electronics,8,26104,5222.39
1098,2024-01-03,South,Mobile,Furniture,4,10128,2823.89
1099,2024-01-04,South,Laptop,Furniture,8,16056,4559.49
1100,2024-01-05,East,Table,Clothing,3,9210,1022.6
1101,2024-01-06,East,Chair,Electronics,7,16758,4426.26
1102,2024-01-07,South,Mobile,Clothing,9,28845,3101.98
1103,2024-01-08,West,Laptop,Clothing,4,4384,760.33
1104,2024-01-09,North,T-Shirt,Furniture,8,21176,4414.35
1105,2024-01-10,South,Headphones,Electronics,3,3345,433.58
1106,2024-01-11,West,Shoes,Furniture,7,10129,2524.78
1107,2024-01-12,North,Shoes,Electronics,3,14619,1486.33
1108,2024-01-13,South,Chair,Clothing,7,29848,3991.27
1109,2024-01-14,South,Mobile,Electronics,6,15078,3259.25
1110,2024-01-15,East,Shoes,Furniture,2,8394,2038.71
1111,2024-01-16,North,Table,Furniture,3,2970,841.49
1112,2024-01-17,North,Shoes,Furniture,6,29100,7015.99
1113,2024-01-18,West,Shoes,Electronics,4,11712,2744.78
1114,2024-01-19,East,Shoes,Clothing,6,6246,1117.21
1115,2024-01-20,East,Laptop,Clothing,1,1787,179.16
1116,2024-01-21,East,Mobile,Electronics,1,2133,264.56
1117,2024-01-22,East,Table,Furniture,3,10278,2126.63
1118,2024-01-23,North,Mobile,Clothing,8,14816,3482.14
1119,2024-01-24,North,Chair,Furniture,8,39008,7157.56
1120,2024-01-25,South,Chair,Electronics,4,7192,1770.21
1121,2024-01-26,South,Chair,Furniture,6,26802,5477.59
1122,2024-01-27,East,T-Shirt,Clothing,8,39384,4522.67
1123,2024-01-28,East,Shoes,Clothing,7,19306,2672.01
1124,2024-01-29,East,T-Shirt,Furniture,7,18011,4826.94
1125,2024-01-30,South,Laptop,Electronics,4,4804,1176.9
1126,2024-01-31,West,Chair,Furniture,9,21771,6073.07
1127,2024-02-01,West,Table,Electronics,6,17760,2193.56
1128,2024-02-02,South,Mobile,Furniture,3,14286,4257.86
1129,2024-02-03,South,Shoes,Clothing,5,23820,3379.61
1130,2024-02-04,South,Headphones,Electronics,5,24120,2468.83
1131,2024-02-05,South,Table,Electronics,5,4330,1296.77
1132,2024-02-06,South,Shoes,Electronics,8,8216,1283.46
1133,2024-02-07,South,T-Shirt,Clothing,9,37962,8868.07
1134,2024-02-08,East,T-Shirt,Furniture,9,36981,5004.88
1135,2024-02-09,East,Table,Clothing,6,26610,5748.98
1136,2024-02-10,East,T-Shirt,Electronics,6,15918,4469.89
1137,2024-02-11,East,Chair,Furniture,9,21672,3554.99
1138,2024-02-12,South,Laptop,Clothing,4,14048,3287.95
1139,2024-02-13,West,Mobile,Electronics,6,28368,3902.89
1140,2024-02-14,North,Laptop,Electronics,4,14088,3169.22
1141,2024-02-15,South,Shoes,Clothing,1,3983,666.32
1142,2024-02-16,North,Mobile,Clothing,7,22540,3206.13
1143,2024-02-17,West,Mobile,Clothing,6,13620,2215.11
1144,2024-02-18,East,Laptop,Electronics,9,41517,5636.69
1145,2024-02-19,West,Table,Clothing,7,15939,4469.03
1146,2024-02-20,South,Mobile,Electronics,7,32984,5918.56
1147,2024-02-21,East,Laptop,Clothing,2,2594,386.65
1148,2024-02-22,South,Mobile,Electronics,9,33435,6342.0
1149,2024-02-23,East,Headphones,Electronics,9,38592,6333.23
1150,2024-02-24,North,Table,Furniture,6,20856,5190.72
1151,2024-02-25,North,Chair,Clothing,3,12711,3740.14
1152,2024-02-26,North,Mobile,Clothing,1,2211,414.8
1153,2024-02-27,West,Headphones,Electronics,4,5008,1363.21
1154,2024-02-28,South,Chair,Electronics,3,8907,1898.73
1155,2024-02-29,West,Chair,Electronics,1,4469,587.44
1156,2024-03-01,North,Shoes,Furniture,3,5676,1351.59
1157,2024-03-02,South,Mobile,Furniture,4,12420,2517.37
1158,2024-03-03,North,Laptop,Electronics,8,9416,2166.82
1159,2024-03-04,West,Mobile,Clothing,9,5445,1513.37
1160,2024-03-05,West,Headphones,Clothing,3,11361,2136.86
1161,2024-03-06,West,Chair,Furniture,6,14676,4112.74
1162,2024-03-07,North,Mobile,Furniture,5,7975,1994.82
1163,2024-03-08,South,Laptop,Electronics,6,13692,2707.2
1164,2024-03-09,South,Shoes,Clothing,4,15028,3315.84
1165,2024-03-10,North,Mobile,Electronics,6,14982,2473.77
1166,2024-03-11,South,Table,Furniture,7,14427,4280.77
1167,2024-03-12,North,Shoes,Clothing,9,40554,9468.15
1168,2024-03-13,South,Laptop,Clothing,7,15225,1656.01
1169,2024-03-14,East,Headphones,Furniture,6,9732,1608.94
1170,2024-03-15,East,Chair,Electronics,1,4481,1006.71
1171,2024-03-16,West,Mobile,Electronics,2,3602,400.78
1172,2024-03-17,East,Laptop,Clothing,1,1443,151.19
1173,2024-03-18,East,Shoes,Furniture,9,13005,2471.01
1174,2024-03-19,East,Table,Clothing,9,9900,1648.73
1175,2024-03-20,North,Laptop,Furniture,7,22400,4203.58
1176,2024-03-21,East,T-Shirt,Electronics,2,3834,584.83
1177,2024-03-22,East,Table,Furniture,6,12144,1614.47
1178,2024-03-23,West,Shoes,Electronics,4,17064,4058.31
1179,2024-03-24,East,Headphones,Furniture,1,750,152.19
1180,2024-03-25,East,Chair,Clothing,1,2044,286.22
1181,2024-03-26,South,Shoes,Electronics,5,2890,473.72
1182,2024-03-27,West,Headphones,Clothing,2,7246,1582.25
1183,2024-03-28,West,Mobile,Clothing,4,5588,639.52
1184,2024-03-29,West,Laptop,Electronics,1,725,93.88
1185,2024-03-30,West,T-Shirt,Electronics,4,6836,783.74
1186,2024-03-31,West,Table,Clothing,6,16068,4217.26
1187,2024-04-01,West,Table,Clothing,4,12716,3185.13
1188,2024-04-02,North,Laptop,Clothing,1,3385,848.49
1189,2024-04-03,East,T-Shirt,Clothing,7,23142,5629.64
1190,2024-04-04,West,Laptop,Electronics,2,2406,562.71
1191,2024-04-05,East,Mobile,Electronics,9,27396,5353.13
1192,2024-04-06,East,Headphones,Clothing,3,8610,1967.0
1193,2024-04-07,North,Shoes,Furniture,8,30248,3256.87
1194,2024-04-08,West,Table,Furniture,8,6624,1485.72
1195,2024-04-09,South,Mobile,Electronics,3,14184,3625.08
1196,2024-04-10,North,Headphones,Clothing,4,2480,496.18
1197,2024-04-11,South,Mobile,Clothing,2,2928,502.16
1198,2024-04-12,East,T-Shirt,Electronics,4,18896,2938.05
1199,2024-04-13,East,Table,Furniture,9,37575,8588.16
1200,2024-04-14,North,Shoes,Furniture,2,5152,1229.06
1201,2024-04-15,North,Laptop,Furniture,3,2496,684.39
1202,2024-04-16,South,Laptop,Electronics,4,15472,2606.52
1203,2024-04-17,West,Headphones,Furniture,5,9080,2305.91
1204,2024-04-18,South,Shoes,Electronics,1,1696,360.01
1205,2024-04-19,North,Chair,Electronics,7,25690,7105.01
1206,2024-04-20,South,T-Shirt,Clothing,7,13503,2775.71
1207,2024-04-21,North,Headphones,Furniture,9,7695,1566.13
1208,2024-04-22,South,Chair,Electronics,4,18936,4082.14
1209,2024-04-23,North,Mobile,Furniture,6,12156,3037.34
1210,2024-04-24,North,T-Shirt,Furniture,2,8794,2576.1
1211,2024-04-25,North,Mobile,Clothing,4,2112,242.27
1212,2024-04-26,West,Shoes,Furniture,2,3026,334.94
1213,2024-04-27,South,Table,Clothing,5,16010,4603.04
1214,2024-04-28,South,T-Shirt,Electronics,7,9289,1913.3
1215,2024-04-29,South,Chair,Furniture,1,4946,1102.86
1216,2024-04-30,North,Table,Electronics,7,17668,3471.49
1217,2024-05-01,South,Laptop,Furniture,6,4788,568.49
1218,2024-05-02,South,Chair,Electronics,6,14190,3598.84
1219,2024-05-03,North,Headphones,Furniture,8,36128,9011.95
1220,2024-05-04,East,Laptop,Furniture,8,20888,3390.97
1221,2024-05-05,North,Laptop,Furniture,6,7524,1213.23
1222,2024-05-06,South,Headphones,Furniture,3,3807,1018.63
1223,2024-05-07,North,T-Shirt,Furniture,5,21175,2423.93
1224,2024-05-08,East,Laptop,Furniture,2,3476,960.14
1225,2024-05-09,North,Shoes,Furniture,5,13565,2052.82
1226,2024-05-10,South,Chair,Furniture,9,21654,4733.5
1227,2024-05-11,East,Table,Furniture,1,2064,592.78
1228,2024-05-12,West,Laptop,Electronics,5,8590,2024.01
1229,2024-05-13,South,Chair,Clothing,6,11142,2037.72
1230,2024-05-14,East,Mobile,Furniture,7,30373,7225.94
1231,2024-05-15,East,Chair,Clothing,9,17640,2977.56
1232,2024-05-16,West,Table,Furniture,6,26910,4183.2
1233,2024-05-17,North,Chair,Furniture,5,9580,2867.65
1234,2024-05-18,North,Headphones,Electronics,7,23471,5871.46
1235,2024-05-19,South,Table,Electronics,1,1928,441.4
1236,2024-05-20,West,T-Shirt,Clothing,5,24390,4172.1
1237,2024-05-21,North,Mobile,Electronics,2,9948,1092.61
1238,2024-05-22,West,Headphones,Electronics,4,19172,2036.28
1239,2024-05-23,North,T-Shirt,Clothing,7,24934,5256.99
1240,2024-05-24,East,Chair,Electronics,5,17855,4506.72
1241,2024-05-25,North,Table,Furniture,6,6330,1313.32
1242,2024-05-26,West,Mobile,Clothing,2,1710,458.55
1243,2024-05-27,East,Headphones,Clothing,3,6189,660.28
1244,2024-05-28,East,T-Shirt,Furniture,7,28000,4853.81
1245,2024-05-29,East,T-Shirt,Electronics,2,3080,454.04
1246,2024-05-30,West,Mobile,Clothing,6,19116,3621.61
1247,2024-05-31,South,Shoes,Clothing,5,24870,2847.0
1248,2024-06-01,South,Chair,Furniture,1,3053,887.89
1249,2024-06-02,South,Mobile,Furniture,4,9116,1318.64
1250,2024-06-03,West,T-Shirt,Electronics,2,1150,327.13
1251,2024-06-04,East,Laptop,Clothing,4,19304,3574.69
1252,2024-06-05,South,Headphones,Electronics,1,3819,1134.64
1253,2024-06-06,West,Mobile,Electronics,2,5698,1201.2
1254,2024-06-07,South,Shoes,Furniture,8,26184,7492.99
1255,2024-06-08,North,T-Shirt,Clothing,6,16572,1674.93
1256,2024-06-09,South,Chair,Clothing,2,7458,1861.87
1257,2024-06-10,South,T-Shirt,Clothing,6,15696,4404.46
1258,2024-06-11,East,Chair,Furniture,9,8028,1027.14
1259,2024-06-12,West,Mobile,Furniture,7,11256,1342.0
1260,2024-06-13,East,Chair,Furniture,9,43758,8091.49
1261,2024-06-14,East,Table,Furniture,5,5550,1591.38
1262,2024-06-15,East,Table,Furniture,7,22925,4779.34
1263,2024-06-16,East,Table,Clothing,7,31486,6470.1
1264,2024-06-17,East,Shoes,Electronics,3,3516,450.84
1265,2024-06-18,South,Shoes,Clothing,7,29239,2928.52
1266,2024-06-19,East,Laptop,Electronics,1,530,138.87
1267,2024-06-20,East,Shoes,Furniture,9,17100,2009.51
1268,2024-06-21,West,Mobile,Electronics,6,27426,6219.39
1269,2024-06-22,North,T-Shirt,Clothing,5,5580,1578.71
1270,2024-06-23,South,T-Shirt,Clothing,7,23002,3260.08
1271,2024-06-24,South,Laptop,Electronics,5,6850,1596.42
1272,2024-06-25,South,Shoes,Furniture,5,23480,2717.57
1273,2024-06-26,East,Chair,Furniture,7,28728,6341.74
1274,2024-06-27,East,Laptop,Clothing,7,13384,1777.21
1275,2024-06-28,East,Chair,Electronics,3,9717,2401.95
1276,2024-06-29,West,Chair,Furniture,3,4320,692.26
1277,2024-06-30,North,Headphones,Furniture,3,2520,485.55
1278,2024-07-01,East,T-Shirt,Clothing,6,20448,4496.23
1279,2024-07-02,North,Table,Furniture,6,27798,3732.01
1280,2024-07-03,West,Shoes,Electronics,3,3477,863.43
1281,2024-07-04,South,Chair,Clothing,3,7599,1219.85
1282,2024-07-05,East,Headphones,Clothing,8,16480,3831.18
1283,2024-07-06,North,T-Shirt,Electronics,8,31656,4167.72
1284,2024-07-07,North,Table,Clothing,7,15092,3586.21
1285,2024-07-08,East,Chair,Furniture,4,13900,1746.36
1286,2024-07-09,South,Chair,Furniture,4,6196,1146.7
1287,2024-07-10,South,Laptop,Electronics,3,2859,427.25
1288,2024-07-11,South,Laptop,Furniture,5,11020,2751.42
1289,2024-07-12,West,T-Shirt,Electronics,3,9852,1501.51
1290,2024-07-13,North,Table,Electronics,8,10544,2913.77
1291,2024-07-14,North,Chair,Furniture,7,3584,997.66
1292,2024-07-15,North,T-Shirt,Electronics,3,13437,1871.62
1293,2024-07-16,West,T-Shirt,Furniture,9,12780,2846.99
1294,2024-07-17,North,Mobile,Clothing,5,14590,1714.96
1295,2024-07-18,West,Shoes,Clothing,9,16326,2911.05
1296,2024-07-19,South,Laptop,Electronics,7,29239,7095.26
1297,2024-07-20,East,Table,Furniture,7,17619,4085.58
1298,2024-07-21,North,Chair,Furniture,6,10368,2332.18
1299,2024-07-22,North,T-Shirt,Clothing,2,5868,918.39
1300,2024-07-23,South,Chair,Clothing,9,30312,5322.94
1301,2024-07-24,East,Mobile,Furniture,6,18090,2181.46
1302,2024-07-25,West,Table,Electronics,8,15504,3779.95
1303,2024-07-26,East,T-Shirt,Clothing,1,4664,936.43
1304,2024-07-27,South,Chair,Electronics,5,20215,4887.04
1305,2024-07-28,South,Laptop,Electronics,1,3675,550.47
1306,2024-07-29,East,Shoes,Clothing,8,18248,3008.87
1307,2024-07-30,West,Mobile,Electronics,8,22104,3687.9
1308,2024-07-31,West,Table,Electronics,1,2469,259.61
1309,2024-08-01,North,Mobile,Furniture,9,6399,1076.37
1310,2024-08-02,West,Laptop,Electronics,2,2014,524.97
1311,2024-08-03,East,Table,Furniture,9,7479,2090.08
1312,2024-08-04,South,Mobile,Clothing,1,1050,213.83
1313,2024-08-05,North,Headphones,Clothing,9,12969,2478.38
1314,2024-08-06,North,Laptop,Furniture,4,4908,521.06
1315,2024-08-07,South,Laptop,Clothing,9,30258,8346.39
1316,2024-08-08,West,Laptop,Electronics,7,26201,2688.28
1317,2024-08-09,South,Headphones,Electronics,6,6888,1990.29
1318,2024-08-10,West,Headphones,Electronics,5,16185,3202.09
1319,2024-08-11,South,Chair,Clothing,9,29223,4920.77
1320,2024-08-12,East,T-Shirt,Electronics,2,3018,859.66
1321,2024-08-13,West,Shoes,Clothing,2,4100,430.0
1322,2024-08-14,East,Mobile,Electronics,9,11727,2536.37
1323,2024-08-15,North,Chair,Furniture,3,13740,2882.47
1324,2024-08-16,South,Mobile,Clothing,8,38472,5534.74
1325,2024-08-17,North,Shoes,Clothing,9,42876,7965.4
1326,2024-08-18,North,T-Shirt,Electronics,8,31208,7191.97
1327,2024-08-19,North,Headphones,Clothing,4,18964,4654.26
1328,2024-08-20,North,T-Shirt,Clothing,1,3661,366.62
1329,2024-08-21,South,Headphones,Furniture,4,18620,5350.84
1330,2024-08-22,North,Shoes,Furniture,9,9243,1228.44
1331,2024-08-23,South,T-Shirt,Electronics,2,7596,1114.46
1332,2024-08-24,South,Chair,Furniture,3,4569,697.66
1333,2024-08-25,East,Table,Electronics,8,33872,3643.41
1334,2024-08-26,West,Chair,Electronics,6,5592,696.82
1335,2024-08-27,West,Mobile,Electronics,8,13408,3985.8
1336,2024-08-28,South,Chair,Clothing,7,6300,1027.17
1337,2024-08-29,East,Shoes,Furniture,5,13020,1602.24
1338,2024-08-30,South,Laptop,Electronics,9,31950,3878.67
1339,2024-08-31,South,Mobile,Furniture,4,10932,2666.23
1340,2024-09-01,South,T-Shirt,Electronics,6,17670,4787.05
1341,2024-09-02,East,Mobile,Furniture,2,6670,1009.77
1342,2024-09-03,West,Table,Furniture,2,6026,627.8
1343,2024-09-04,East,Headphones,Electronics,2,4546,657.43
1344,2024-09-05,North,T-Shirt,Clothing,7,11172,1243.48
1345,2024-09-06,East,Mobile,Furniture,2,2856,344.66
1346,2024-09-07,East,T-Shirt,Clothing,2,4902,913.25
1347,2024-09-08,East,T-Shirt,Clothing,9,22257,3249.16
1348,2024-09-09,East,T-Shirt,Electronics,7,14378,2921.45
1349,2024-09-10,West,Headphones,Electronics,3,9834,1481.97
1350,2024-09-11,North,Shoes,Electronics,3,14763,4253.33
1351,2024-09-12,West,Chair,Furniture,7,10458,2940.67
1352,2024-09-13,West,T-Shirt,Electronics,5,5560,1186.29
1353,2024-09-14,East,Laptop,Electronics,6,18558,3171.28
1354,2024-09-15,South,Shoes,Furniture,8,8760,1543.77
1355,2024-09-16,South,Table,Furniture,9,12069,2201.03
1356,2024-09-17,West,Headphones,Electronics,1,4939,1212.6
1357,2024-09-18,West,Mobile,Electronics,3,4074,775.4
1358,2024-09-19,East,Headphones,Electronics,7,6608,1793.05
1359,2024-09-20,West,Mobile,Electronics,6,13728,3964.91
1360,2024-09-21,East,Headphones,Clothing,7,33719,5637.45
1361,2024-09-22,South,Mobile,Clothing,8,31632,6710.38
1362,2024-09-23,South,T-Shirt,Electronics,6,26712,3179.03
1363,2024-09-24,North,Chair,Clothing,3,4590,643.03
1364,2024-09-25,South,Mobile,Furniture,2,3590,655.87
1365,2024-09-26,West,Mobile,Clothing,7,17941,2534.0
1366,2024-09-27,South,Laptop,Clothing,1,1947,536.03
1367,2024-09-28,East,Mobile,Electronics,3,7635,1005.2
1368,2024-09-29,South,Laptop,Clothing,4,13400,2561.17
1369,2024-09-30,North,Table,Clothing,1,4324,956.21
1370,2024-10-01,South,T-Shirt,Clothing,5,12840,3060.71
1371,2024-10-02,East,Laptop,Clothing,3,12783,2257.66
1372,2024-10-03,East,Chair,Furniture,2,5550,1519.7
1373,2024-10-04,West,Shoes,Electronics,3,6924,1479.41
1374,2024-10-05,South,T-Shirt,Electronics,8,14488,2722.32
1375,2024-10-06,East,Laptop,Furniture,6,27330,3100.54
1376,2024-10-07,North,T-Shirt,Clothing,7,20657,3985.52
1377,2024-10-08,West,T-Shirt,Furniture,6,9534,2518.38
1378,2024-10-09,North,T-Shirt,Clothing,6,13032,2904.94
1379,2024-10-10,South,Table,Furniture,3,12525,3337.07
1380,2024-10-11,South,Chair,Electronics,8,38832,7719.89
1381,2024-10-12,South,Headphones,Electronics,7,17521,2167.21
1382,2024-10-13,West,Headphones,Electronics,7,32886,3378.31
1383,2024-10-14,East,Laptop,Clothing,6,9744,1565.31
1384,2024-10-15,West,T-Shirt,Clothing,5,8605,2061.74
1385,2024-10-16,North,Laptop,Furniture,8,26880,6936.44
1386,2024-10-17,West,Table,Furniture,5,13865,2206.62
1387,2024-10-18,North,Table,Electronics,9,31410,6254.7
1388,2024-10-19,West,Mobile,Clothing,9,27090,4990.62
1389,2024-10-20,East,Table,Furniture,1,736,134.03
1390,2024-10-21,North,Mobile,Clothing,6,9864,1442.8
1391,2024-10-22,South,Chair,Clothing,7,26271,3343.62
1392,2024-10-23,South,Laptop,Electronics,3,12846,1789.93
1393,2024-10-24,West,Shoes,Electronics,7,8862,984.27
1394,2024-10-25,South,Chair,Clothing,7,22267,3109.06
1395,2024-10-26,North,Table,Clothing,2,6330,644.65
1396,2024-10-27,South,Chair,Clothing,7,15813,3565.07
1397,2024-10-28,East,Chair,Clothing,1,3991,651.63
1398,2024-10-29,East,Chair,Electronics,5,16575,4883.47
1399,2024-10-30,West,Table,Furniture,9,36117,5011.0
1400,2024-10-31,North,Shoes,Electronics,7,6965,1178.24
1401,2024-11-01,East,T-Shirt,Furniture,7,25760,4419.6
1402,2024-11-02,East,Chair,Clothing,2,8860,900.98
1403,2024-11-03,North,Mobile,Furniture,8,20576,5511.11
1404,2024-11-04,South,Table,Electronics,3,2511,267.17
1405,2024-11-05,South,Chair,Electronics,8,35592,10251.78
1406,2024-11-06,West,Shoes,Clothing,3,10824,3013.56
1407,2024-11-07,South,T-Shirt,Electronics,7,16219,3359.03
1408,2024-11-08,North,Table,Clothing,2,1272,265.49
1409,2024-11-09,East,Headphones,Electronics,4,12220,2819.83
1410,2024-11-10,South,T-Shirt,Electronics,6,29490,5231.82
1411,2024-11-11,West,Mobile,Clothing,9,12735,2921.98
1412,2024-11-12,South,Chair,Furniture,5,20190,2199.77
1413,2024-11-13,North,Shoes,Electronics,9,23400,2592.94
1414,2024-11-14,West,Headphones,Furniture,5,17035,3261.28
1415,2024-11-15,South,Shoes,Electronics,8,27312,5733.46
1416,2024-11-16,West,Headphones,Electronics,1,2482,688.91
1417,2024-11-17,North,Table,Electronics,7,30590,3699.31
1418,2024-11-18,East,Headphones,Electronics,4,16268,4303.37
1419,2024-11-19,North,Mobile,Furniture,5,7490,1063.65
1420,2024-11-20,North,Mobile,Furniture,6,15882,2839.97
1421,2024-11-21,North,Laptop,Electronics,5,4475,730.86
1422,2024-11-22,North,Mobile,Electronics,1,4098,737.77
1423,2024-11-23,East,T-Shirt,Furniture,9,12942,1683.74
1424,2024-11-24,East,Headphones,Clothing,2,4272,857.45
1425,2024-11-25,West,Mobile,Clothing,9,29016,7553.69
1426,2024-11-26,South,Table,Furniture,2,6020,1133.61
1427,2024-11-27,East,Shoes,Electronics,9,19341,3831.89
1428,2024-11-28,East,Shoes,Electronics,6,25140,6781.6
1429,2024-11-29,South,Laptop,Clothing,9,35415,8542.51
1430,2024-11-30,East,Shoes,Clothing,6,22206,4398.81
1431,2024-12-01,North,Headphones,Furniture,6,28074,4254.31
1432,2024-12-02,North,Laptop,Clothing,2,9732,2695.62
1433,2024-12-03,South,Headphones,Furniture,8,22328,4809.54
1434,2024-12-04,West,Table,Clothing,3,14949,2156.09
1435,2024-12-05,West,Laptop,Clothing,7,4991,767.74
1436,2024-12-06,South,Chair,Clothing,5,18685,4869.81
1437,2024-12-07,South,T-Shirt,Electronics,3,13086,1424.14
1438,2024-12-08,North,T-Shirt,Electronics,1,558,166.52
1439,2024-12-09,West,Headphones,Electronics,8,27440,3459.37
1440,2024-12-10,East,Shoes,Clothing,3,10413,2699.19
1441,2024-12-11,North,Chair,Furniture,2,4054,725.48
1442,2024-12-12,South,Laptop,Furniture,1,622,123.43
1443,2024-12-13,West,Chair,Furniture,4,16876,4659.97
1444,2024-12-14,East,Chair,Furniture,8,15488,2827.83
1445,2024-12-15,East,Shoes,Electronics,3,4986,1034.59
1446,2024-12-16,North,Laptop,Electronics,1,3800,417.47
1447,2024-12-17,West,Table,Clothing,4,15380,1545.22
1448,2024-12-18,West,Shoes,Clothing,9,26874,4003.15
1449,2024-12-19,South,Chair,Furniture,1,1061,250.52
1450,2024-12-20,West,Chair,Electronics,2,8962,1113.56
1451,2024-12-21,West,Table,Furniture,9,20133,2471.37
1452,2024-12-22,North,Chair,Clothing,2,2808,511.6
1453,2024-12-23,West,Chair,Clothing,3,12162,2792.0
1454,2024-12-24,East,Chair,Furniture,7,34930,8467.53
1455,2024-12-25,North,T-Shirt,Clothing,3,6678,906.14
1456,2024-12-26,North,Shoes,Furniture,9,30807,3571.07
1457,2024-12-27,South,Mobile,Electronics,6,24186,6967.49
1458,2024-12-28,West,Shoes,Furniture,3,13218,2010.9
1459,2024-12-29,South,Table,Electronics,9,12906,3493.26
1460,2024-12-30,East,Chair,Electronics,1,574,156.53
1461,2024-12-31,North,Shoes,Clothing,3,2382,606.23
1462,2025-01-01,North,T-Shirt,Clothing,1,520,69.56
1463,2025-01-02,North,Table,Clothing,2,7484,1978.47
1464,2025-01-03,East,Headphones,Furniture,8,12304,3123.37
1465,2025-01-04,East,Shoes,Furniture,7,11263,2470.48
1466,2025-01-05,South,Headphones,Clothing,2,8542,1430.28
1467,2025-01-06,South,Chair,Furniture,2,1742,265.66
1468,2025-01-07,South,T-Shirt,Clothing,9,15066,1873.88
1469,2025-01-08,West,T-Shirt,Furniture,6,9984,2016.28
1470,2025-01-09,North,Shoes,Electronics,5,7960,1727.74
1471,2025-01-10,North,Table,Electronics,6,10698,1838.64
1472,2025-01-11,South,Table,Clothing,9,22599,4408.43
1473,2025-01-12,North,T-Shirt,Furniture,7,9415,1626.0
1474,2025-01-13,South,Table,Furniture,9,22419,5116.04
1475,2025-01-14,West,T-Shirt,Electronics,4,4080,1143.43
1476,2025-01-15,West,Shoes,Electronics,2,9932,1318.81
1477,2025-01-16,East,Mobile,Clothing,8,37568,6622.55
1478,2025-01-17,West,T-Shirt,Electronics,4,2968,380.42
1479,2025-01-18,South,Headphones,Clothing,9,29700,6682.17
1480,2025-01-19,West,Table,Electronics,4,13584,3338.6
1481,2025-01-20,East,T-Shirt,Electronics,8,24816,7106.87
1482,2025-01-21,North,T-Shirt,Furniture,9,24957,3887.66
1483,2025-01-22,South,Shoes,Electronics,9,18369,5327.79
1484,2025-01-23,North,Table,Electronics,4,13060,1471.24
1485,2025-01-24,East,Mobile,Clothing,1,2614,576.66
1486,2025-01-25,East,Shoes,Electronics,3,14973,1668.39
1487,2025-01-26,East,Mobile,Clothing,9,32247,8989.01
1488,2025-01-27,North,Shoes,Electronics,4,9428,1941.81
1489,2025-01-28,North,Table,Electronics,5,6345,1483.9
1490,2025-01-29,North,Laptop,Clothing,7,13454,3583.0
1491,2025-01-30,North,Table,Furniture,5,4530,589.18
1492,2025-01-31,East,Table,Clothing,4,13888,1495.99
1493,2025-02-01,East,Mobile,Clothing,2,4744,1308.28
1494,2025-02-02,South,Mobile,Clothing,2,6388,1041.16
1495,2025-02-03,South,Table,Furniture,4,11076,1393.31
1496,2025-02-04,North,Table,Electronics,9,15129,2930.37
1497,2025-02-05,West,Table,Clothing,8,15512,3407.38
1498,2025-02-06,West,Mobile,Clothing,3,10659,1131.92
1499,2025-02-07,East,Table,Furniture,9,34497,5346.32
1500,2025-02-08,East,Table,Clothing,5,16985,1809.92
1501,2025-02-09,East,Chair,Electronics,3,10209,1879.14
1502,2025-02-10,South,Laptop,Furniture,5,3640,1015.63
1503,2025-02-11,South,Headphones,Electronics,4,17836,5288.92
1504,2025-02-12,East,Laptop,Electronics,8,19144,4353.53
1505,2025-02-13,East,Chair,Furniture,5,9065,1199.55
1506,2025-02-14,East,Headphones,Clothing,8,12560,3531.49
1507,2025-02-15,West,Shoes,Electronics,9,13266,2696.31
1508,2025-02-16,South,Table,Electronics,4,8952,1170.47
1509,2025-02-17,West,Chair,Electronics,7,26495,7533.73
1510,2025-02-18,West,Shoes,Electronics,2,2514,632.26
1511,2025-02-19,East,Table,Furniture,6,21570,5313.58
1512,2025-02-20,East,Mobile,Furniture,8,6560,1586.45
1513,2025-02-21,North,T-Shirt,Electronics,7,19747,2765.92
1514,2025-02-22,North,Chair,Clothing,7,7385,1050.16
1515,2025-02-23,West,Mobile,Electronics,8,15088,3585.79
1516,2025-02-24,South,Chair,Clothing,7,24829,3574.0
1517,2025-02-25,East,Chair,Electronics,5,14635,2747.49
1518,2025-02-26,East,Mobile,Clothing,7,17528,4494.19
1519,2025-02-27,West,Headphones,Electronics,3,7290,1872.0
1520,2025-02-28,North,Laptop,Clothing,5,13315,2538.54
1521,2025-03-01,South,Table,Electronics,7,30569,7900.19
1522,2025-03-02,North,Chair,Electronics,9,26334,7050.25
1523,2025-03-03,North,Table,Clothing,2,8586,1982.98
1524,2025-03-04,North,T-Shirt,Furniture,4,12052,1755.8
1525,2025-03-05,North,Mobile,Clothing,7,30121,4662.8
1526,2025-03-06,East,Table,Furniture,1,2827,460.71
1527,2025-03-07,East,Mobile,Electronics,2,2234,275.59
1528,2025-03-08,North,Table,Clothing,9,23985,3708.85
1529,2025-03-09,South,Laptop,Clothing,7,26656,3782.59
1530,2025-03-10,West,Laptop,Clothing,7,10444,1995.49
1531,2025-03-11,South,Laptop,Furniture,6,11262,3172.36
1532,2025-03-12,South,Laptop,Furniture,3,14643,1770.28
1533,2025-03-13,South,Laptop,Electronics,3,11022,2689.96
1534,2025-03-14,North,Laptop,Furniture,2,3610,857.22
1535,2025-03-15,East,Mobile,Furniture,6,21468,2557.93
1536,2025-03-16,South,Chair,Electronics,4,12744,3625.85
1537,2025-03-17,North,Table,Clothing,5,17415,3721.49
1538,2025-03-18,South,Laptop,Clothing,3,9069,1566.63
1539,2025-03-19,South,Mobile,Electronics,6,24492,6155.03
1540,2025-03-20,North,Mobile,Clothing,3,5955,902.02
1541,2025-03-21,East,Mobile,Furniture,8,20800,4965.0
1542,2025-03-22,East,Chair,Electronics,9,37935,4094.79
1543,2025-03-23,West,Table,Electronics,4,10004,2679.89
1544,2025-03-24,North,Chair,Electronics,9,16983,3220.56
1545,2025-03-25,West,Headphones,Clothing,7,25781,5861.02
1546,2025-03-26,West,Shoes,Electronics,3,4590,662.1
1547,2025-03-27,West,Mobile,Electronics,7,15855,3732.5
1548,2025-03-28,East,Headphones,Electronics,1,1720,437.65
1549,2025-03-29,North,T-Shirt,Clothing,3,12918,2514.39
1550,2025-03-30,West,Laptop,Furniture,6,17484,3908.47
1551,2025-03-31,North,Shoes,Electronics,4,19380,3706.72
1552,2025-04-01,North,Laptop,Furniture,7,14826,4133.76
1553,2025-04-02,East,Chair,Clothing,3,5289,1055.55
1554,2025-04-03,West,Shoes,Clothing,1,1371,367.92
1555,2025-04-04,West,Table,Clothing,9,12006,3124.81
1556,2025-04-05,North,Headphones,Clothing,6,19932,3629.64
1557,2025-04-06,South,Table,Furniture,8,11344,1656.42
1558,2025-04-07,East,Chair,Electronics,3,6672,1209.08
1559,2025-04-08,East,Laptop,Clothing,8,23304,6181.23
1560,2025-04-09,East,Shoes,Clothing,2,3626,527.68
1561,2025-04-10,East,Table,Furniture,4,19992,4096.11
1562,2025-04-11,West,Table,Furniture,3,7815,2041.43
1563,2025-04-12,West,Laptop,Clothing,1,3068,523.69
1564,2025-04-13,South,Shoes,Electronics,7,11466,2619.32
1565,2025-04-14,East,Headphones,Electronics,2,1418,211.46
1566,2025-04-15,East,Laptop,Clothing,4,6256,762.33
1567,2025-04-16,North,Table,Furniture,9,24480,6337.31
1568,2025-04-17,West,Headphones,Clothing,6,4398,526.85
1569,2025-04-18,East,Headphones,Clothing,8,10336,1594.6
1570,2025-04-19,South,Laptop,Furniture,2,7220,1956.78
1571,2025-04-20,South,Table,Clothing,7,18662,3159.36
1572,2025-04-21,West,Chair,Clothing,6,5004,1474.22
1573,2025-04-22,South,Table,Clothing,9,16731,4951.49
1574,2025-04-23,South,Mobile,Furniture,7,11998,1843.56
1575,2025-04-24,West,Shoes,Electronics,1,4919,532.21
1576,2025-04-25,East,T-Shirt,Electronics,8,6264,1509.7
1577,2025-04-26,East,Chair,Furniture,3,2136,406.26
1578,2025-04-27,South,Headphones,Electronics,2,4316,518.57
1579,2025-04-28,South,Chair,Clothing,3,13734,3316.82
1580,2025-04-29,East,Shoes,Electronics,6,11502,1221.91
1581,2025-04-30,West,Headphones,Clothing,3,8658,2372.63
1582,2025-05-01,South,Shoes,Electronics,5,11470,1465.07
1583,2025-05-02,North,Headphones,Furniture,6,3624,454.68
1584,2025-05-03,West,Chair,Electronics,8,35144,4749.17
1585,2025-05-04,South,Headphones,Electronics,7,30415,8882.8
1586,2025-05-05,South,Headphones,Electronics,8,33520,7999.01
1587,2025-05-06,North,Mobile,Furniture,3,11376,2960.88
1588,2025-05-07,North,Table,Electronics,4,3512,630.5
1589,2025-05-08,East,Table,Furniture,6,22758,3806.56
1590,2025-05-09,West,T-Shirt,Clothing,7,26803,3937.27
1591,2025-05-10,West,T-Shirt,Electronics,9,35442,6951.23
1592,2025-05-11,East,Mobile,Furniture,1,724,152.3
1593,2025-05-12,West,T-Shirt,Furniture,8,9896,2240.01
1594,2025-05-13,West,Shoes,Electronics,8,5880,890.37
1595,2025-05-14,West,Chair,Clothing,6,28668,8306.0
1596,2025-05-15,West,Laptop,Furniture,4,4844,648.86
1597,2025-05-16,West,Shoes,Electronics,3,7164,2099.99
1598,2025-05-17,North,Laptop,Clothing,3,5277,543.38
1599,2025-05-18,West,Laptop,Furniture,6,7488,1469.33
1600,2025-05-19,North,Mobile,Furniture,8,35888,5981.58
1601,2025-05-20,West,Shoes,Clothing,7,28357,5382.86
1602,2025-05-21,East,Mobile,Clothing,1,1009,216.06
1603,2025-05-22,South,Headphones,Electronics,6,13938,2608.05
1604,2025-05-23,North,Laptop,Electronics,7,24087,4407.18
1605,2025-05-24,West,Chair,Furniture,7,33124,8166.55
1606,2025-05-25,East,T-Shirt,Clothing,9,23706,5622.48
1607,2025-05-26,South,Chair,Clothing,5,11385,3035.86
1608,2025-05-27,North,T-Shirt,Clothing,1,1722,258.29
1609,2025-05-28,South,Laptop,Furniture,2,8334,1849.36
1610,2025-05-29,East,Laptop,Clothing,4,9108,1976.79
1611,2025-05-30,North,Laptop,Clothing,5,9020,1569.01
1612,2025-05-31,South,Mobile,Furniture,9,10809,2131.66
1613,2025-06-01,West,Shoes,Electronics,1,3489,567.86
1614,2025-06-02,North,T-Shirt,Electronics,3,1953,250.7
1615,2025-06-03,South,Shoes,Furniture,5,9125,1302.69
1616,2025-06-04,East,Mobile,Clothing,3,5403,654.32
1617,2025-06-05,East,Mobile,Furniture,4,16888,3995.94
1618,2025-06-06,North,Table,Electronics,3,6633,1539.82
1619,2025-06-07,South,Chair,Electronics,4,5224,1515.59
1620,2025-06-08,North,Chair,Furniture,1,4830,1187.87
1621,2025-06-09,North,Headphones,Furniture,8,25776,2845.91
1622,2025-06-10,South,Mobile,Electronics,4,7300,2021.0
1623,2025-06-11,South,T-Shirt,Furniture,7,32431,8838.58
1624,2025-06-12,West,Table,Electronics,2,3318,625.99
1625,2025-06-13,South,Table,Furniture,2,6738,1463.31
1626,2025-06-14,East,Shoes,Furniture,6,10452,3085.59
1627,2025-06-15,North,Chair,Furniture,2,1694,349.74
1628,2025-06-16,North,Mobile,Electronics,6,13986,3930.97
1629,2025-06-17,East,Headphones,Furniture,2,4138,482.52
1630,2025-06-18,South,Mobile,Electronics,4,17740,2451.85
1631,2025-06-19,East,Shoes,Electronics,7,16926,3184.64
1632,2025-06-20,East,Laptop,Furniture,8,29856,6477.3
1633,2025-06-21,West,Mobile,Furniture,3,12774,3362.7
1634,2025-06-22,East,Shoes,Electronics,9,25695,7648.18
1635,2025-06-23,North,Laptop,Electronics,2,3794,674.46
1636,2025-06-24,East,Laptop,Clothing,8,26240,2872.84
1637,2025-06-25,North,Headphones,Electronics,8,18592,4838.28
1638,2025-06-26,North,T-Shirt,Clothing,4,11964,2642.56
1639,2025-06-27,North,Chair,Clothing,1,4560,637.07
1640,2025-06-28,South,Mobile,Clothing,1,904,179.86
1641,2025-06-29,West,Laptop,Furniture,2,4442,1103.67
1642,2025-06-30,North,Mobile,Furniture,9,29925,7603.41
1643,2025-07-01,North,T-Shirt,Electronics,2,8690,1737.34
1644,2025-07-02,South,Chair,Clothing,2,9420,1517.02
1645,2025-07-03,North,T-Shirt,Furniture,6,22152,6529.27
1646,2025-07-04,East,Chair,Furniture,7,3948,918.59
1647,2025-07-05,East,Table,Furniture,7,12593,2287.49
1648,2025-07-06,West,Chair,Furniture,9,17235,2690.26
1649,2025-07-07,North,Headphones,Furniture,6,24558,6046.69
1650,2025-07-08,South,T-Shirt,Clothing,8,11744,1743.24
1651,2025-07-09,East,Laptop,Clothing,6,5208,699.65
1652,2025-07-10,South,Table,Clothing,2,1464,301.54
1653,2025-07-11,South,Headphones,Clothing,1,2742,433.23
1654,2025-07-12,East,Mobile,Electronics,5,17915,4044.87
1655,2025-07-13,South,T-Shirt,Clothing,9,12780,1579.45
1656,2025-07-14,East,Shoes,Furniture,8,9504,2195.31
1657,2025-07-15,South,Shoes,Clothing,4,19088,2990.31
1658,2025-07-16,East,Laptop,Electronics,5,9845,984.98
1659,2025-07-17,North,Chair,Furniture,5,23795,2983.59
1660,2025-07-18,West,Laptop,Clothing,6,24732,7091.24
1661,2025-07-19,East,Shoes,Clothing,3,7800,2133.07
1662,2025-07-20,East,Mobile,Clothing,5,13825,2028.43
1663,2025-07-21,West,Table,Furniture,2,8578,2193.17
1664,2025-07-22,East,Table,Furniture,1,1323,293.33
1665,2025-07-23,East,T-Shirt,Electronics,1,3931,1156.43
1666,2025-07-24,South,Table,Furniture,7,32557,5688.4
1667,2025-07-25,West,T-Shirt,Furniture,2,9426,2227.29
1668,2025-07-26,North,T-Shirt,Clothing,4,5188,584.72
1669,2025-07-27,East,T-Shirt,Furniture,5,6395,1146.3
1670,2025-07-28,West,Shoes,Clothing,7,23450,6865.3
1671,2025-07-29,South,Shoes,Clothing,2,6784,1409.69
1672,2025-07-30,North,Chair,Furniture,6,14358,2262.47
1673,2025-07-31,West,Headphones,Electronics,1,3806,472.15
1674,2025-08-01,North,T-Shirt,Electronics,7,23814,5732.16
1675,2025-08-02,North,T-Shirt,Furniture,9,37962,8692.21
1676,2025-08-03,North,Headphones,Electronics,5,2605,455.32
1677,2025-08-04,East,Laptop,Clothing,5,10000,2901.88
1678,2025-08-05,East,T-Shirt,Clothing,4,5368,560.64
1679,2025-08-06,South,Chair,Furniture,3,6780,1089.85
1680,2025-08-07,South,Table,Electronics,9,37269,10592.37
1681,2025-08-08,West,Table,Electronics,5,3455,567.27
1682,2025-08-09,South,Mobile,Clothing,8,7160,1077.23
1683,2025-08-10,North,Mobile,Furniture,9,43434,8984.07
1684,2025-08-11,North,Table,Electronics,5,6865,1817.58
1685,2025-08-12,East,Table,Furniture,9,28089,3388.36
1686,2025-08-13,North,Shoes,Electronics,2,9670,2790.8
1687,2025-08-14,West,Chair,Clothing,9,5301,1373.04
1688,2025-08-15,North,Headphones,Clothing,4,11116,1514.56
1689,2025-08-16,North,Mobile,Furniture,6,5736,1390.42
1690,2025-08-17,West,Shoes,Clothing,6,16680,2952.22
1691,2025-08-18,South,Shoes,Electronics,6,29694,5358.55
1692,2025-08-19,South,Headphones,Clothing,2,3008,772.03
1693,2025-08-20,West,Shoes,Furniture,7,5908,1728.43
1694,2025-08-21,East,Chair,Furniture,6,19266,2414.63
1695,2025-08-22,North,Table,Furniture,1,2962,545.38
1696,2025-08-23,West,T-Shirt,Electronics,2,3232,634.08
1697,2025-08-24,North,Headphones,Electronics,7,7875,1380.19
1698,2025-08-25,East,Table,Electronics,1,4879,842.3
1699,2025-08-26,North,Table,Electronics,1,2479,273.81
1700,2025-08-27,West,Laptop,Electronics,1,4494,1065.56
1701,2025-08-28,North,Headphones,Clothing,8,17424,3262.52
1702,2025-08-29,South,Shoes,Electronics,4,2888,401.31
1703,2025-08-30,East,T-Shirt,Electronics,4,4972,1308.66
1704,2025-08-31,East,Headphones,Clothing,2,1924,501.23
1705,2025-09-01,East,Shoes,Electronics,1,2068,407.97
1706,2025-09-02,West,Table,Furniture,9,34623,5528.95
1707,2025-09-03,East,T-Shirt,Electronics,7,15652,3562.69
1708,2025-09-04,South,Shoes,Electronics,4,18156,2861.94
1709,2025-09-05,West,Chair,Furniture,6,26706,3931.17
1710,2025-09-06,South,Shoes,Furniture,2,2328,572.93
1711,2025-09-07,North,Laptop,Furniture,7,12992,1403.98
1712,2025-09-08,North,Table,Furniture,2,3028,360.19
1713,2025-09-09,North,Shoes,Electronics,8,21056,2134.19
1714,2025-09-10,North,Mobile,Furniture,8,25344,3309.64
1715,2025-09-11,South,Mobile,Furniture,1,1554,176.84
1716,2025-09-12,West,Laptop,Clothing,8,18112,5418.39
1717,2025-09-13,West,Chair,Furniture,2,9916,1564.37
1718,2025-09-14,East,Table,Furniture,6,20214,2624.86
1719,2025-09-15,South,Headphones,Clothing,1,1912,283.36
1720,2025-09-16,North,Laptop,Clothing,5,5835,1675.96
1721,2025-09-17,South,Chair,Electronics,7,27090,5527.23
1722,2025-09-18,East,Headphones,Clothing,1,1894,327.59
1723,2025-09-19,East,Mobile,Electronics,2,1196,328.52
1724,2025-09-20,South,Mobile,Clothing,7,31990,5726.15
1725,2025-09-21,South,Headphones,Clothing,6,5526,922.85
1726,2025-09-22,South,Laptop,Electronics,3,12450,1761.13
1727,2025-09-23,West,Mobile,Clothing,2,9314,1635.16
1728,2025-09-24,North,Table,Electronics,4,6528,1066.26
1729,2025-09-25,South,T-Shirt,Clothing,3,6606,1555.45
1730,2025-09-26,South,Shoes,Furniture,7,28840,4554.31
1731,2025-09-27,South,Headphones,Clothing,8,29520,6359.79
1732,2025-09-28,East,Headphones,Electronics,2,2194,248.31
1733,2025-09-29,East,Mobile,Clothing,7,6237,862.31
1734,2025-09-30,West,Laptop,Electronics,8,12600,2286.66
1735,2025-10-01,North,Table,Electronics,6,18900,5431.67
1736,2025-10-02,West,Laptop,Furniture,6,17304,3035.99
1737,2025-10-03,North,Chair,Furniture,1,1309,304.75
1738,2025-10-04,East,Chair,Electronics,4,15236,2300.9
1739,2025-10-05,East,T-Shirt,Clothing,1,4238,531.47
1740,2025-10-06,East,Mobile,Electronics,4,6636,741.29
1741,2025-10-07,West,Mobile,Electronics,2,4062,654.32
1742,2025-10-08,South,Mobile,Clothing,5,15910,2092.68
1743,2025-10-09,South,T-Shirt,Clothing,9,6777,913.55
1744,2025-10-10,East,Chair,Clothing,3,12144,3062.13
1745,2025-10-11,South,Laptop,Clothing,8,29480,3041.38
1746,2025-10-12,South,T-Shirt,Electronics,3,5193,1098.64
1747,2025-10-13,West,T-Shirt,Electronics,6,17538,3084.8
1748,2025-10-14,North,Laptop,Furniture,4,16300,3281.35
1749,2025-10-15,East,Mobile,Electronics,8,38088,8096.22
1750,2025-10-16,East,Table,Clothing,6,12438,2023.33
1751,2025-10-17,West,Laptop,Furniture,8,27264,4335.57
1752,2025-10-18,West,Chair,Clothing,1,2125,524.2
1753,2025-10-19,South,Headphones,Electronics,6,26988,7401.6
1754,2025-10-20,East,Headphones,Furniture,1,4383,607.12
1755,2025-10-21,North,Shoes,Clothing,1,4015,479.89
1756,2025-10-22,West,Shoes,Furniture,8,31224,8728.96
1757,2025-10-23,North,T-Shirt,Furniture,7,17206,2924.66
1758,2025-10-24,North,Headphones,Electronics,3,13527,2844.23
1759,2025-10-25,East,Table,Clothing,6,19410,3336.75
1760,2025-10-26,East,Mobile,Furniture,9,44919,5622.08
1761,2025-10-27,West,Chair,Furniture,7,25718,5603.09
1762,2025-10-28,East,Shoes,Clothing,3,2703,554.19
1763,2025-10-29,East,Table,Furniture,6,8844,1243.46
1764,2025-10-30,East,Chair,Furniture,4,2892,550.56
1765,2025-10-31,North,Chair,Furniture,3,2205,571.95
1766,2025-11-01,West,Mobile,Clothing,9,35982,7847.14
1767,2025-11-02,South,T-Shirt,Clothing,2,9422,1124.83
1768,2025-11-03,North,Headphones,Clothing,1,3734,782.66
1769,2025-11-04,East,Mobile,Clothing,2,1450,348.79
1770,2025-11-05,North,Table,Electronics,7,19439,5025.77
1771,2025-11-06,East,T-Shirt,Furniture,1,4777,1078.76
1772,2025-11-07,East,Table,Clothing,6,11046,1441.85
1773,2025-11-08,North,T-Shirt,Furniture,7,31752,7685.08
1774,2025-11-09,West,Shoes,Furniture,9,6381,1502.52
1775,2025-11-10,East,Table,Electronics,8,33816,3546.8
1776,2025-11-11,West,Mobile,Clothing,6,26568,4844.66
1777,2025-11-12,South,T-Shirt,Clothing,3,9909,1650.74
1778,2025-11-13,East,T-Shirt,Furniture,8,12872,3010.53
1779,2025-11-14,West,Chair,Clothing,7,17682,2532.54
1780,2025-11-15,West,Chair,Furniture,3,2679,584.49
1781,2025-11-16,South,Laptop,Furniture,9,12087,3416.28
1782,2025-11-17,West,Table,Electronics,2,4048,1050.7
1783,2025-11-18,West,Chair,Electronics,3,3309,940.72
1784,2025-11-19,South,Laptop,Electronics,2,2162,639.31
1785,2025-11-20,East,Shoes,Furniture,1,2439,249.1
1786,2025-11-21,West,Shoes,Clothing,4,2528,567.66
1787,2025-11-22,West,Chair,Electronics,5,16690,3047.06
1788,2025-11-23,West,Table,Clothing,6,23310,6339.64
1789,2025-11-24,North,T-Shirt,Electronics,5,21350,3210.25
1790,2025-11-25,South,Headphones,Electronics,1,2768,819.9
1791,2025-11-26,North,Table,Furniture,3,4425,985.63
1792,2025-11-27,South,Mobile,Electronics,1,2313,598.39
1793,2025-11-28,East,Shoes,Electronics,5,18815,2203.61
1794,2025-11-29,East,Chair,Furniture,5,10215,1396.3
1795,2025-11-30,West,Chair,Clothing,6,20010,5036.13
1796,2025-12-01,South,T-Shirt,Electronics,8,25904,2704.31
1797,2025-12-02,East,Mobile,Furniture,1,1857,489.09
1798,2025-12-03,South,T-Shirt,Electronics,4,18536,1905.31
1799,2025-12-04,East,Mobile,Furniture,1,1816,420.27
1800,2025-12-05,North,Headphones,Clothing,9,5949,1029.29
1801,2025-12-06,East,Shoes,Clothing,7,16863,3748.63
1802,2025-12-07,North,Chair,Furniture,7,11389,2724.32
1803,2025-12-08,East,Chair,Furniture,5,21850,3681.62
1804,2025-12-09,West,Headphones,Furniture,7,15106,1836.78
1805,2025-12-10,North,Laptop,Clothing,2,7250,825.99
1806,2025-12-11,East,Shoes,Electronics,4,9852,2145.64
1807,2025-12-12,West,T-Shirt,Clothing,7,19523,3985.25
1808,2025-12-13,North,Headphones,Furniture,3,4398,1092.64
1809,2025-12-14,West,T-Shirt,Furniture,2,2778,561.01
1810,2025-12-15,South,Table,Clothing,2,7122,1313.93
1811,2025-12-16,South,Chair,Furniture,1,4129,741.64
1812,2025-12-17,North,T-Shirt,Clothing,5,18445,1942.06
1813,2025-12-18,East,Mobile,Furniture,6,19488,3256.67
1814,2025-12-19,North,T-Shirt,Electronics,6,12996,3836.47
1815,2025-12-20,West,Table,Electronics,9,32094,8816.58
1816,2025-12-21,East,Shoes,Furniture,4,7764,1287.86
1817,2025-12-22,South,Chair,Clothing,1,1567,340.92
1818,2025-12-23,East,Headphones,Electronics,6,28338,7635.94
1819,2025-12-24,South,Table,Clothing,5,17115,3221.98
1820,2025-12-25,East,Chair,Furniture,6,28518,2954.22
1821,2025-12-26,East,T-Shirt,Clothing,3,13068,1501.54
1822,2025-12-27,East,Shoes,Electronics,2,2652,535.91
1823,2025-12-28,West,Laptop,Clothing,6,26910,7908.52
1824,2025-12-29,West,Shoes,Clothing,1,2592,618.56
1825,2025-12-30,North,Laptop,Furniture,7,25753,2940.56
1826,2025-12-31,North,Mobile,Furniture,7,30807,4247.43
